"n","k","distribution","workload","implementation","iteration","elapsed_seconds"
100,1,"balanced_shuffled","construct","IndexedUnits",1,0.000106436003989074
100,1,"balanced_shuffled","construct","IndexedUnits",2,9.02409956324846e-05
100,1,"balanced_shuffled","construct","IndexedUnits",3,8.70020012371242e-05
100,1,"balanced_shuffled","construct","IndexedUnits",4,8.29019991215318e-05
100,1,"balanced_shuffled","construct","IndexedUnits",5,8.14259983599186e-05
100,1,"balanced_shuffled","construct","mixed_units",1,0.00567247300205054
100,1,"balanced_shuffled","construct","mixed_units",2,0.00680448300408898
100,1,"balanced_shuffled","construct","mixed_units",3,0.00539637899782974
100,1,"balanced_shuffled","construct","mixed_units",4,0.00539367300370941
100,1,"balanced_shuffled","construct","mixed_units",5,0.00689792200137163
100,1,"balanced_shuffled","slice","IndexedUnits",1,7.25700374459848e-06
100,1,"balanced_shuffled","slice","IndexedUnits",2,6.68300344841555e-06
100,1,"balanced_shuffled","slice","IndexedUnits",3,5.78099570702761e-06
100,1,"balanced_shuffled","slice","IndexedUnits",4,5.49400283489376e-06
100,1,"balanced_shuffled","slice","IndexedUnits",5,5.37100277142599e-06
100,1,"balanced_shuffled","slice","mixed_units",1,5.69900294067338e-06
100,1,"balanced_shuffled","slice","mixed_units",2,5.65800291951746e-06
100,1,"balanced_shuffled","slice","mixed_units",3,4.38700226368383e-06
100,1,"balanced_shuffled","slice","mixed_units",4,4.38700226368383e-06
100,1,"balanced_shuffled","slice","mixed_units",5,4.42799500888214e-06
100,1,"balanced_shuffled","replace","IndexedUnits",1,2.44359980570152e-05
100,1,"balanced_shuffled","replace","IndexedUnits",2,2.14430037885904e-05
100,1,"balanced_shuffled","replace","IndexedUnits",3,2.30009973165579e-05
100,1,"balanced_shuffled","replace","IndexedUnits",4,2.06229960895143e-05
100,1,"balanced_shuffled","replace","IndexedUnits",5,1.91060025827028e-05
100,1,"balanced_shuffled","replace","mixed_units",1,2.70600139629096e-06
100,1,"balanced_shuffled","replace","mixed_units",2,2.0910010789521e-06
100,1,"balanced_shuffled","replace","mixed_units",3,1.84500095201656e-06
100,1,"balanced_shuffled","replace","mixed_units",4,1.59900082508102e-06
100,1,"balanced_shuffled","replace","mixed_units",5,1.51700078276917e-06
100,1,"balanced_shuffled","concatenate","IndexedUnits",1,3.41119957738556e-05
100,1,"balanced_shuffled","concatenate","IndexedUnits",2,3.16930018016137e-05
100,1,"balanced_shuffled","concatenate","IndexedUnits",3,2.46819981839508e-05
100,1,"balanced_shuffled","concatenate","IndexedUnits",4,2.08280034712516e-05
100,1,"balanced_shuffled","concatenate","IndexedUnits",5,2.18940040213056e-05
100,1,"balanced_shuffled","concatenate","mixed_units",1,1.01679979707114e-05
100,1,"balanced_shuffled","concatenate","mixed_units",2,8.56900442158803e-06
100,1,"balanced_shuffled","concatenate","mixed_units",3,8.15899693407118e-06
100,1,"balanced_shuffled","concatenate","mixed_units",4,7.33899651095271e-06
100,1,"balanced_shuffled","concatenate","mixed_units",5,7.21600372344255e-06
100,1,"balanced_shuffled","scale","IndexedUnits",1,0.000352517999999691
100,1,"balanced_shuffled","scale","IndexedUnits",2,0.000267196999629959
100,1,"balanced_shuffled","scale","IndexedUnits",3,0.000192330997379031
100,1,"balanced_shuffled","scale","IndexedUnits",4,0.000185156000952702
100,1,"balanced_shuffled","scale","IndexedUnits",5,0.000185361001058482
100,1,"balanced_shuffled","scale","mixed_units",1,0.00512737799726892
100,1,"balanced_shuffled","scale","mixed_units",2,0.00486366600671317
100,1,"balanced_shuffled","scale","mixed_units",3,0.00594053099484881
100,1,"balanced_shuffled","scale","mixed_units",4,0.00491466999665136
100,1,"balanced_shuffled","scale","mixed_units",5,0.00469523799984017
100,1,"balanced_shuffled","add_same","IndexedUnits",1,0.00021561899484368
100,1,"balanced_shuffled","add_same","IndexedUnits",2,0.000193478997971397
100,1,"balanced_shuffled","add_same","IndexedUnits",3,0.000192412997421343
100,1,"balanced_shuffled","add_same","IndexedUnits",4,0.000188558995432686
100,1,"balanced_shuffled","add_same","IndexedUnits",5,0.000168140999448951
100,1,"balanced_shuffled","add_same","mixed_units",1,0.00154389600356808
100,1,"balanced_shuffled","add_same","mixed_units",2,0.00141429499490187
100,1,"balanced_shuffled","add_same","mixed_units",3,0.0013672269997187
100,1,"balanced_shuffled","add_same","mixed_units",4,0.00136915400071302
100,1,"balanced_shuffled","add_same","mixed_units",5,0.00157866399968043
100,1,"balanced_shuffled","add_convert","IndexedUnits",1,0.000472811996587552
100,1,"balanced_shuffled","add_convert","IndexedUnits",2,0.000492410006700084
100,1,"balanced_shuffled","add_convert","IndexedUnits",3,0.000426523001806345
100,1,"balanced_shuffled","add_convert","IndexedUnits",4,0.000465144999907352
100,1,"balanced_shuffled","add_convert","IndexedUnits",5,0.000463709999166895
100,1,"balanced_shuffled","add_convert","mixed_units",1,0.0053234809965943
100,1,"balanced_shuffled","add_convert","mixed_units",2,0.00407367799925851
100,1,"balanced_shuffled","add_convert","mixed_units",3,0.00358684400271159
100,1,"balanced_shuffled","add_convert","mixed_units",4,0.00387855899316492
100,1,"balanced_shuffled","add_convert","mixed_units",5,0.00494746999902418
100,1,"balanced_shuffled","multiply_pairs","IndexedUnits",1,0.000296758000331465
100,1,"balanced_shuffled","multiply_pairs","IndexedUnits",2,0.000210616999538615
100,1,"balanced_shuffled","multiply_pairs","IndexedUnits",3,0.000207910998142324
100,1,"balanced_shuffled","multiply_pairs","IndexedUnits",4,0.00019848100055242
100,1,"balanced_shuffled","multiply_pairs","IndexedUnits",5,0.000195569999050349
100,1,"balanced_shuffled","multiply_pairs","mixed_units",1,0.00575791699520778
100,1,"balanced_shuffled","multiply_pairs","mixed_units",2,0.00443775799794821
100,1,"balanced_shuffled","multiply_pairs","mixed_units",3,0.00431410200690152
100,1,"balanced_shuffled","multiply_pairs","mixed_units",4,0.00533660099608824
100,1,"balanced_shuffled","multiply_pairs","mixed_units",5,0.00419901499844855
100,1,"balanced_shuffled","bind_rows","IndexedUnits",1,0.000349770998582244
100,1,"balanced_shuffled","bind_rows","IndexedUnits",2,0.000361415004590526
100,1,"balanced_shuffled","bind_rows","IndexedUnits",3,0.000362194004992489
100,1,"balanced_shuffled","bind_rows","IndexedUnits",4,0.00036280899803387
100,1,"balanced_shuffled","bind_rows","IndexedUnits",5,0.000416970004152972
100,1,"balanced_shuffled","bind_rows","mixed_units",1,0.000488638004753739
100,1,"balanced_shuffled","bind_rows","mixed_units",2,0.000374412004020996
100,1,"balanced_shuffled","bind_rows","mixed_units",3,0.00036924600135535
100,1,"balanced_shuffled","bind_rows","mixed_units",4,0.000308647999190725
100,1,"balanced_shuffled","bind_rows","mixed_units",5,0.000298479993944056
100,1,"balanced_shuffled","filter_mutate","IndexedUnits",1,0.00312895599927288
100,1,"balanced_shuffled","filter_mutate","IndexedUnits",2,0.00132643200049642
100,1,"balanced_shuffled","filter_mutate","IndexedUnits",3,0.000677484000334516
100,1,"balanced_shuffled","filter_mutate","IndexedUnits",4,0.000692530993546825
100,1,"balanced_shuffled","filter_mutate","IndexedUnits",5,0.000768422003602609
100,1,"balanced_shuffled","filter_mutate","mixed_units",1,0.00342030199681176
100,1,"balanced_shuffled","filter_mutate","mixed_units",2,0.00298262699652696
100,1,"balanced_shuffled","filter_mutate","mixed_units",3,0.00326765899808379
100,1,"balanced_shuffled","filter_mutate","mixed_units",4,0.00310464300127933
100,1,"balanced_shuffled","filter_mutate","mixed_units",5,0.00570027099456638
100,1,"balanced_shuffled","pivot_roundtrip","IndexedUnits",1,0.00366482599929441
100,1,"balanced_shuffled","pivot_roundtrip","IndexedUnits",2,0.00259857999481028
100,1,"balanced_shuffled","pivot_roundtrip","IndexedUnits",3,0.00221650099410908
100,1,"balanced_shuffled","pivot_roundtrip","IndexedUnits",4,0.00273543799994513
100,1,"balanced_shuffled","pivot_roundtrip","IndexedUnits",5,0.00251379200199153
100,1,"balanced_shuffled","pivot_roundtrip","mixed_units",1,0.00221609100117348
100,1,"balanced_shuffled","pivot_roundtrip","mixed_units",2,0.00208386599842925
100,1,"balanced_shuffled","pivot_roundtrip","mixed_units",3,0.0025504049990559
100,1,"balanced_shuffled","pivot_roundtrip","mixed_units",4,0.00498531300399918
100,1,"balanced_shuffled","pivot_roundtrip","mixed_units",5,0.00265208500059089
1000,1,"balanced_shuffled","construct","IndexedUnits",1,0.000170150000485592
1000,1,"balanced_shuffled","construct","IndexedUnits",2,0.000128207000670955
1000,1,"balanced_shuffled","construct","IndexedUnits",3,0.000119146003271453
1000,1,"balanced_shuffled","construct","IndexedUnits",4,0.0001156610014732
1000,1,"balanced_shuffled","construct","IndexedUnits",5,0.000114800001028925
1000,1,"balanced_shuffled","construct","mixed_units",1,0.0770216980017722
1000,1,"balanced_shuffled","construct","mixed_units",2,0.0812651160013047
1000,1,"balanced_shuffled","construct","mixed_units",3,0.0934345720015699
1000,1,"balanced_shuffled","slice","IndexedUnits",1,9.88099782261997e-06
1000,1,"balanced_shuffled","slice","IndexedUnits",2,8.28200427349657e-06
1000,1,"balanced_shuffled","slice","IndexedUnits",3,7.25699646864086e-06
1000,1,"balanced_shuffled","slice","IndexedUnits",4,6.84699625708163e-06
1000,1,"balanced_shuffled","slice","IndexedUnits",5,6.88800355419517e-06
1000,1,"balanced_shuffled","slice","mixed_units",1,7.62599665904418e-06
1000,1,"balanced_shuffled","slice","mixed_units",2,6.43700332148001e-06
1000,1,"balanced_shuffled","slice","mixed_units",3,5.78099570702761e-06
1000,1,"balanced_shuffled","slice","mixed_units",4,5.53500285604969e-06
1000,1,"balanced_shuffled","slice","mixed_units",5,5.16599538968876e-06
1000,1,"balanced_shuffled","replace","IndexedUnits",1,2.86590002360754e-05
1000,1,"balanced_shuffled","replace","IndexedUnits",2,2.3821005015634e-05
1000,1,"balanced_shuffled","replace","IndexedUnits",3,2.20170040847734e-05
1000,1,"balanced_shuffled","replace","IndexedUnits",4,2.18529967241921e-05
1000,1,"balanced_shuffled","replace","IndexedUnits",5,2.1893996745348e-05
1000,1,"balanced_shuffled","replace","mixed_units",1,5.98600308876485e-06
1000,1,"balanced_shuffled","replace","mixed_units",2,4.55100234830752e-06
1000,1,"balanced_shuffled","replace","mixed_units",3,4.26400220021605e-06
1000,1,"balanced_shuffled","replace","mixed_units",4,4.14099486079067e-06
1000,1,"balanced_shuffled","replace","mixed_units",5,3.8130019675009e-06
1000,1,"balanced_shuffled","concatenate","IndexedUnits",1,4.7518995415885e-05
1000,1,"balanced_shuffled","concatenate","IndexedUnits",2,5.14139974256977e-05
1000,1,"balanced_shuffled","concatenate","IndexedUnits",3,5.05529969814233e-05
1000,1,"balanced_shuffled","concatenate","IndexedUnits",4,3.78430049750023e-05
1000,1,"balanced_shuffled","concatenate","IndexedUnits",5,4.08359992434271e-05
1000,1,"balanced_shuffled","concatenate","mixed_units",1,4.36240006820299e-05
1000,1,"balanced_shuffled","concatenate","mixed_units",2,1.86960023711435e-05
1000,1,"balanced_shuffled","concatenate","mixed_units",3,2.46819981839508e-05
1000,1,"balanced_shuffled","concatenate","mixed_units",4,1.74250017153099e-05
1000,1,"balanced_shuffled","concatenate","mixed_units",5,1.67690013768151e-05
1000,1,"balanced_shuffled","scale","IndexedUnits",1,0.000330542003212031
1000,1,"balanced_shuffled","scale","IndexedUnits",2,0.000248541997279972
1000,1,"balanced_shuffled","scale","IndexedUnits",3,0.000224433999392204
1000,1,"balanced_shuffled","scale","IndexedUnits",4,0.000224761999561451
1000,1,"balanced_shuffled","scale","IndexedUnits",5,0.000254937993304338
1000,1,"balanced_shuffled","scale","mixed_units",1,0.110978799995792
1000,1,"balanced_shuffled","scale","mixed_units",2,0.0505587399966316
1000,1,"balanced_shuffled","scale","mixed_units",3,0.0558621719974326
1000,1,"balanced_shuffled","add_same","IndexedUnits",1,0.000287983995804098
1000,1,"balanced_shuffled","add_same","IndexedUnits",2,0.000205369004106615
1000,1,"balanced_shuffled","add_same","IndexedUnits",3,0.000202786002773792
1000,1,"balanced_shuffled","add_same","IndexedUnits",4,0.000210042999242432
1000,1,"balanced_shuffled","add_same","IndexedUnits",5,0.000191880004422273
1000,1,"balanced_shuffled","add_same","mixed_units",1,0.0165186539961724
1000,1,"balanced_shuffled","add_same","mixed_units",2,0.0156762269980391
1000,1,"balanced_shuffled","add_same","mixed_units",3,0.0156141530023888
1000,1,"balanced_shuffled","add_same","mixed_units",4,0.0166142250018311
1000,1,"balanced_shuffled","add_same","mixed_units",5,0.0150968970046961
1000,1,"balanced_shuffled","add_convert","IndexedUnits",1,0.00278242400236195
1000,1,"balanced_shuffled","add_convert","IndexedUnits",2,0.00253658800647827
1000,1,"balanced_shuffled","add_convert","IndexedUnits",3,0.00262293400010094
1000,1,"balanced_shuffled","add_convert","IndexedUnits",4,0.0025739800039446
1000,1,"balanced_shuffled","add_convert","IndexedUnits",5,0.00244983199809212
1000,1,"balanced_shuffled","add_convert","mixed_units",1,0.0506229050006368
1000,1,"balanced_shuffled","add_convert","mixed_units",2,0.0469423760005157
1000,1,"balanced_shuffled","add_convert","mixed_units",3,0.0487536740038195
1000,1,"balanced_shuffled","multiply_pairs","IndexedUnits",1,0.000356289994670078
1000,1,"balanced_shuffled","multiply_pairs","IndexedUnits",2,0.000249649005127139
1000,1,"balanced_shuffled","multiply_pairs","IndexedUnits",3,0.000232839003729168
1000,1,"balanced_shuffled","multiply_pairs","IndexedUnits",4,0.000241941001149826
1000,1,"balanced_shuffled","multiply_pairs","IndexedUnits",5,0.000246164003328886
1000,1,"balanced_shuffled","multiply_pairs","mixed_units",1,0.0651021369994851
1000,1,"balanced_shuffled","multiply_pairs","mixed_units",2,0.0609911079955054
1000,1,"balanced_shuffled","multiply_pairs","mixed_units",3,0.0611253419992863
1000,1,"balanced_shuffled","bind_rows","IndexedUnits",1,0.000358708995918278
1000,1,"balanced_shuffled","bind_rows","IndexedUnits",2,0.000345958003890701
1000,1,"balanced_shuffled","bind_rows","IndexedUnits",3,0.00037125500239199
1000,1,"balanced_shuffled","bind_rows","IndexedUnits",4,0.000383759994292632
1000,1,"balanced_shuffled","bind_rows","IndexedUnits",5,0.000365596999472473
1000,1,"balanced_shuffled","bind_rows","mixed_units",1,0.000370230001863092
1000,1,"balanced_shuffled","bind_rows","mixed_units",2,0.000311477000650484
1000,1,"balanced_shuffled","bind_rows","mixed_units",3,0.000316602003294975
1000,1,"balanced_shuffled","bind_rows","mixed_units",4,0.000318119004077744
1000,1,"balanced_shuffled","bind_rows","mixed_units",5,0.000324392000038642
1000,1,"balanced_shuffled","filter_mutate","IndexedUnits",1,0.000944024999625981
1000,1,"balanced_shuffled","filter_mutate","IndexedUnits",2,0.000713112996891141
1000,1,"balanced_shuffled","filter_mutate","IndexedUnits",3,0.000667726002575364
1000,1,"balanced_shuffled","filter_mutate","IndexedUnits",4,0.00066153499938082
1000,1,"balanced_shuffled","filter_mutate","IndexedUnits",5,0.00065013700077543
1000,1,"balanced_shuffled","filter_mutate","mixed_units",1,0.0373430050021852
1000,1,"balanced_shuffled","filter_mutate","mixed_units",2,0.037692120000429
1000,1,"balanced_shuffled","filter_mutate","mixed_units",3,0.037252025998896
1000,1,"balanced_shuffled","pivot_roundtrip","IndexedUnits",1,0.00261276600213023
1000,1,"balanced_shuffled","pivot_roundtrip","IndexedUnits",2,0.00267713599896524
1000,1,"balanced_shuffled","pivot_roundtrip","IndexedUnits",3,0.0025451979963691
1000,1,"balanced_shuffled","pivot_roundtrip","IndexedUnits",4,0.00251051200029906
1000,1,"balanced_shuffled","pivot_roundtrip","IndexedUnits",5,0.00570088600215968
1000,1,"balanced_shuffled","pivot_roundtrip","mixed_units",1,0.00470975200005341
1000,1,"balanced_shuffled","pivot_roundtrip","mixed_units",2,0.00321591700048884
1000,1,"balanced_shuffled","pivot_roundtrip","mixed_units",3,0.0030499489948852
1000,1,"balanced_shuffled","pivot_roundtrip","mixed_units",4,0.00283408399991458
1000,1,"balanced_shuffled","pivot_roundtrip","mixed_units",5,0.00259956399531802
10000,1,"balanced_shuffled","construct","IndexedUnits",1,0.000327426001604181
10000,1,"balanced_shuffled","construct","IndexedUnits",2,0.000286508002318442
10000,1,"balanced_shuffled","construct","IndexedUnits",3,0.000284581001324113
10000,1,"balanced_shuffled","construct","IndexedUnits",4,0.000251616998866666
10000,1,"balanced_shuffled","construct","IndexedUnits",5,0.000244769995333627
10000,1,"balanced_shuffled","construct","mixed_units",1,0.793878449003387
10000,1,"balanced_shuffled","construct","mixed_units",2,0.925424325003405
10000,1,"balanced_shuffled","construct","mixed_units",3,1.05818093100243
10000,1,"balanced_shuffled","slice","IndexedUnits",1,3.72279973817058e-05
10000,1,"balanced_shuffled","slice","IndexedUnits",2,3.30869952449575e-05
10000,1,"balanced_shuffled","slice","IndexedUnits",3,2.95200006803498e-05
10000,1,"balanced_shuffled","slice","IndexedUnits",4,3.75149975297973e-05
10000,1,"balanced_shuffled","slice","IndexedUnits",5,3.08320013573393e-05
10000,1,"balanced_shuffled","slice","mixed_units",1,5.14959974680096e-05
10000,1,"balanced_shuffled","slice","mixed_units",2,3.45220032613724e-05
10000,1,"balanced_shuffled","slice","mixed_units",3,3.40709957526997e-05
10000,1,"balanced_shuffled","slice","mixed_units",4,3.52190036210231e-05
10000,1,"balanced_shuffled","slice","mixed_units",5,3.20210019708611e-05
10000,1,"balanced_shuffled","replace","IndexedUnits",1,3.93599984818138e-05
10000,1,"balanced_shuffled","replace","IndexedUnits",2,3.66950043826364e-05
10000,1,"balanced_shuffled","replace","IndexedUnits",3,2.92330005322583e-05
10000,1,"balanced_shuffled","replace","IndexedUnits",4,5.33409984200262e-05
10000,1,"balanced_shuffled","replace","IndexedUnits",5,3.23490021401085e-05
10000,1,"balanced_shuffled","replace","mixed_units",1,0.000127920000522863
10000,1,"balanced_shuffled","replace","mixed_units",2,3.19799946737476e-05
10000,1,"balanced_shuffled","replace","mixed_units",3,3.10370014631189e-05
10000,1,"balanced_shuffled","replace","mixed_units",4,3.06680012727156e-05
10000,1,"balanced_shuffled","replace","mixed_units",5,3.16930018016137e-05
10000,1,"balanced_shuffled","concatenate","IndexedUnits",1,0.000155267000081949
10000,1,"balanced_shuffled","concatenate","IndexedUnits",2,0.000143254001159221
10000,1,"balanced_shuffled","concatenate","IndexedUnits",3,0.000143377001222689
10000,1,"balanced_shuffled","concatenate","IndexedUnits",4,0.000147928003570996
10000,1,"balanced_shuffled","concatenate","IndexedUnits",5,0.000140465999720618
10000,1,"balanced_shuffled","concatenate","mixed_units",1,0.000182777999725658
10000,1,"balanced_shuffled","concatenate","mixed_units",2,0.000123245998111088
10000,1,"balanced_shuffled","concatenate","mixed_units",3,0.000112380999780726
10000,1,"balanced_shuffled","concatenate","mixed_units",4,0.000115004993858747
10000,1,"balanced_shuffled","concatenate","mixed_units",5,0.000112503999844193
10000,1,"balanced_shuffled","scale","IndexedUnits",1,0.00057195000408683
10000,1,"balanced_shuffled","scale","IndexedUnits",2,0.000417256997025106
10000,1,"balanced_shuffled","scale","IndexedUnits",3,0.00043373899825383
10000,1,"balanced_shuffled","scale","IndexedUnits",4,0.000420864998886827
10000,1,"balanced_shuffled","scale","IndexedUnits",5,0.000418896997871343
10000,1,"balanced_shuffled","scale","mixed_units",1,0.5214182790005
10000,1,"balanced_shuffled","scale","mixed_units",2,0.604292439995334
10000,1,"balanced_shuffled","scale","mixed_units",3,0.62150969299546
10000,1,"balanced_shuffled","add_same","IndexedUnits",1,0.000660468998830765
10000,1,"balanced_shuffled","add_same","IndexedUnits",2,0.000447268997959327
10000,1,"balanced_shuffled","add_same","IndexedUnits",3,0.000452394000603817
10000,1,"balanced_shuffled","add_same","IndexedUnits",4,0.000426522994530387
10000,1,"balanced_shuffled","add_same","IndexedUnits",5,0.000438577000750229
10000,1,"balanced_shuffled","add_same","mixed_units",1,0.280643728998257
10000,1,"balanced_shuffled","add_same","mixed_units",2,0.15415688399662
10000,1,"balanced_shuffled","add_same","mixed_units",3,0.1543950530031
10000,1,"balanced_shuffled","add_convert","IndexedUnits",1,0.0247541600037948
10000,1,"balanced_shuffled","add_convert","IndexedUnits",2,0.0455963460044586
10000,1,"balanced_shuffled","add_convert","IndexedUnits",3,0.0242196429971955
10000,1,"balanced_shuffled","add_convert","IndexedUnits",4,0.0449723260026076
10000,1,"balanced_shuffled","add_convert","mixed_units",1,0.664190242001496
10000,1,"balanced_shuffled","add_convert","mixed_units",2,0.685341854994476
10000,1,"balanced_shuffled","add_convert","mixed_units",3,0.798393942997791
10000,1,"balanced_shuffled","multiply_pairs","IndexedUnits",1,0.000594909994106274
10000,1,"balanced_shuffled","multiply_pairs","IndexedUnits",2,0.000513811995915603
10000,1,"balanced_shuffled","multiply_pairs","IndexedUnits",3,0.000532343998202123
10000,1,"balanced_shuffled","multiply_pairs","IndexedUnits",4,0.000539437001862098
10000,1,"balanced_shuffled","multiply_pairs","IndexedUnits",5,0.00176853500306606
10000,1,"balanced_shuffled","multiply_pairs","mixed_units",1,0.452502157997515
10000,1,"balanced_shuffled","multiply_pairs","mixed_units",2,0.453221666997706
10000,1,"balanced_shuffled","multiply_pairs","mixed_units",3,0.455157112999586
10000,1,"balanced_shuffled","bind_rows","IndexedUnits",1,0.000507826000102796
10000,1,"balanced_shuffled","bind_rows","IndexedUnits",2,0.000453624001238495
10000,1,"balanced_shuffled","bind_rows","IndexedUnits",3,0.000444972996774595
10000,1,"balanced_shuffled","bind_rows","IndexedUnits",4,0.000499052002851386
10000,1,"balanced_shuffled","bind_rows","IndexedUnits",5,0.00043250900489511
10000,1,"balanced_shuffled","bind_rows","mixed_units",1,0.000752473002648912
10000,1,"balanced_shuffled","bind_rows","mixed_units",2,0.000712211003701668
10000,1,"balanced_shuffled","bind_rows","mixed_units",3,0.000784904004831333
10000,1,"balanced_shuffled","bind_rows","mixed_units",4,0.000776416993176099
10000,1,"balanced_shuffled","bind_rows","mixed_units",5,0.000653171002340969
10000,1,"balanced_shuffled","filter_mutate","IndexedUnits",1,0.00119162399641937
10000,1,"balanced_shuffled","filter_mutate","IndexedUnits",2,0.000838286003272515
10000,1,"balanced_shuffled","filter_mutate","IndexedUnits",3,0.000801057998614851
10000,1,"balanced_shuffled","filter_mutate","IndexedUnits",4,0.000809421995654702
10000,1,"balanced_shuffled","filter_mutate","IndexedUnits",5,0.000783427996793762
10000,1,"balanced_shuffled","filter_mutate","mixed_units",1,0.25822562599933
10000,1,"balanced_shuffled","filter_mutate","mixed_units",2,0.258971210998425
10000,1,"balanced_shuffled","filter_mutate","mixed_units",3,0.297482592999586
10000,1,"balanced_shuffled","pivot_roundtrip","IndexedUnits",1,0.00349373299832223
10000,1,"balanced_shuffled","pivot_roundtrip","IndexedUnits",2,0.00305363900406519
10000,1,"balanced_shuffled","pivot_roundtrip","IndexedUnits",3,0.00322239500383148
10000,1,"balanced_shuffled","pivot_roundtrip","IndexedUnits",4,0.0030509739954141
10000,1,"balanced_shuffled","pivot_roundtrip","IndexedUnits",5,0.00333645699720364
10000,1,"balanced_shuffled","pivot_roundtrip","mixed_units",1,0.00786269299715059
10000,1,"balanced_shuffled","pivot_roundtrip","mixed_units",2,0.0072329329996137
10000,1,"balanced_shuffled","pivot_roundtrip","mixed_units",3,0.00808163300098386
10000,1,"balanced_shuffled","pivot_roundtrip","mixed_units",4,0.0114516690009623
10000,1,"balanced_shuffled","pivot_roundtrip","mixed_units",5,0.00992847800080199
100,2,"balanced_shuffled","construct","IndexedUnits",1,0.000214471001527272
100,2,"balanced_shuffled","construct","IndexedUnits",2,0.00016141699597938
100,2,"balanced_shuffled","construct","IndexedUnits",3,0.000152888998854905
100,2,"balanced_shuffled","construct","IndexedUnits",4,0.000150346997543238
100,2,"balanced_shuffled","construct","IndexedUnits",5,0.000150797997775953
100,2,"balanced_shuffled","construct","mixed_units",1,0.00523524900199845
100,2,"balanced_shuffled","construct","mixed_units",2,0.00550047800061293
100,2,"balanced_shuffled","construct","mixed_units",3,0.00556513499759603
100,2,"balanced_shuffled","construct","mixed_units",4,0.00561433500115527
100,2,"balanced_shuffled","construct","mixed_units",5,0.0111259240002255
100,2,"balanced_shuffled","slice","IndexedUnits",1,1.12749985419214e-05
100,2,"balanced_shuffled","slice","IndexedUnits",2,8.36400431580842e-06
100,2,"balanced_shuffled","slice","IndexedUnits",3,6.51900336379185e-06
100,2,"balanced_shuffled","slice","IndexedUnits",4,5.78099570702761e-06
100,2,"balanced_shuffled","slice","IndexedUnits",5,5.78100298298523e-06
100,2,"balanced_shuffled","slice","mixed_units",1,7.05199636286125e-06
100,2,"balanced_shuffled","slice","mixed_units",2,5.78100298298523e-06
100,2,"balanced_shuffled","slice","mixed_units",3,4.96099528390914e-06
100,2,"balanced_shuffled","slice","mixed_units",4,4.67400241177529e-06
100,2,"balanced_shuffled","slice","mixed_units",5,4.79699519928545e-06
100,2,"balanced_shuffled","replace","IndexedUnits",1,2.09099962376058e-05
100,2,"balanced_shuffled","replace","IndexedUnits",2,1.90649952855892e-05
100,2,"balanced_shuffled","replace","IndexedUnits",3,1.81630020961165e-05
100,2,"balanced_shuffled","replace","IndexedUnits",4,1.79989947355352e-05
100,2,"balanced_shuffled","replace","IndexedUnits",5,1.6851001419127e-05
100,2,"balanced_shuffled","replace","mixed_units",1,2.05000105779618e-06
100,2,"balanced_shuffled","replace","mixed_units",2,1.88600097317249e-06
100,2,"balanced_shuffled","replace","mixed_units",3,1.59900082508102e-06
100,2,"balanced_shuffled","replace","mixed_units",4,1.31200067698956e-06
100,2,"balanced_shuffled","replace","mixed_units",5,1.27100065583363e-06
100,2,"balanced_shuffled","concatenate","IndexedUnits",1,3.23490021401085e-05
100,2,"balanced_shuffled","concatenate","IndexedUnits",2,2.46000054175965e-05
100,2,"balanced_shuffled","concatenate","IndexedUnits",3,2.24680043174885e-05
100,2,"balanced_shuffled","concatenate","IndexedUnits",4,2.12790037039667e-05
100,2,"balanced_shuffled","concatenate","IndexedUnits",5,2.09509962587617e-05
100,2,"balanced_shuffled","concatenate","mixed_units",1,8.69199720909819e-06
100,2,"balanced_shuffled","concatenate","mixed_units",2,7.33899651095271e-06
100,2,"balanced_shuffled","concatenate","mixed_units",3,6.56000338494778e-06
100,2,"balanced_shuffled","concatenate","mixed_units",4,6.2729959608987e-06
100,2,"balanced_shuffled","concatenate","mixed_units",5,6.51899608783424e-06
100,2,"balanced_shuffled","scale","IndexedUnits",1,0.000427261002187151
100,2,"balanced_shuffled","scale","IndexedUnits",2,0.000349278998328373
100,2,"balanced_shuffled","scale","IndexedUnits",3,0.000390606997825671
100,2,"balanced_shuffled","scale","IndexedUnits",4,0.000442102995293681
100,2,"balanced_shuffled","scale","IndexedUnits",5,0.000478756999655161
100,2,"balanced_shuffled","scale","mixed_units",1,0.00857613400148693
100,2,"balanced_shuffled","scale","mixed_units",2,0.00482274800015148
100,2,"balanced_shuffled","scale","mixed_units",3,0.00491303000308108
100,2,"balanced_shuffled","scale","mixed_units",4,0.00514435199875152
100,2,"balanced_shuffled","scale","mixed_units",5,0.00477453199709998
100,2,"balanced_shuffled","add_same","IndexedUnits",1,0.000445669997134246
100,2,"balanced_shuffled","add_same","IndexedUnits",2,0.000390484005038161
100,2,"balanced_shuffled","add_same","IndexedUnits",3,0.000358217002940364
100,2,"balanced_shuffled","add_same","IndexedUnits",4,0.000351000999216922
100,2,"balanced_shuffled","add_same","IndexedUnits",5,0.000348786998074502
100,2,"balanced_shuffled","add_same","mixed_units",1,0.00149539300036849
100,2,"balanced_shuffled","add_same","mixed_units",2,0.001534670998808
100,2,"balanced_shuffled","add_same","mixed_units",3,0.00152876699576154
100,2,"balanced_shuffled","add_same","mixed_units",4,0.00149235899880296
100,2,"balanced_shuffled","add_same","mixed_units",5,0.0014589030033676
100,2,"balanced_shuffled","add_convert","IndexedUnits",1,0.00070142799813766
100,2,"balanced_shuffled","add_convert","IndexedUnits",2,0.000609014001383912
100,2,"balanced_shuffled","add_convert","IndexedUnits",3,0.000591588999668602
100,2,"balanced_shuffled","add_convert","IndexedUnits",4,0.000597246995312162
100,2,"balanced_shuffled","add_convert","IndexedUnits",5,0.000636156000837218
100,2,"balanced_shuffled","add_convert","mixed_units",1,0.00704794099874562
100,2,"balanced_shuffled","add_convert","mixed_units",2,0.00641887799429242
100,2,"balanced_shuffled","add_convert","mixed_units",3,0.00361263300146675
100,2,"balanced_shuffled","add_convert","mixed_units",4,0.00376630100072362
100,2,"balanced_shuffled","add_convert","mixed_units",5,0.00358012000651797
100,2,"balanced_shuffled","multiply_pairs","IndexedUnits",1,0.00379840399546083
100,2,"balanced_shuffled","multiply_pairs","IndexedUnits",2,0.0020060890019522
100,2,"balanced_shuffled","multiply_pairs","IndexedUnits",3,0.00157903299987083
100,2,"balanced_shuffled","multiply_pairs","IndexedUnits",4,0.000854399004310835
100,2,"balanced_shuffled","multiply_pairs","IndexedUnits",5,0.000838450003357138
100,2,"balanced_shuffled","multiply_pairs","mixed_units",1,0.00445235399820376
100,2,"balanced_shuffled","multiply_pairs","mixed_units",2,0.0040594099991722
100,2,"balanced_shuffled","multiply_pairs","mixed_units",3,0.00419454600341851
100,2,"balanced_shuffled","multiply_pairs","mixed_units",4,0.00424760000169044
100,2,"balanced_shuffled","multiply_pairs","mixed_units",5,0.0044598570020753
100,2,"balanced_shuffled","bind_rows","IndexedUnits",1,0.000338167999871075
100,2,"balanced_shuffled","bind_rows","IndexedUnits",2,0.000316683996061329
100,2,"balanced_shuffled","bind_rows","IndexedUnits",3,0.000307458998577204
100,2,"balanced_shuffled","bind_rows","IndexedUnits",4,0.000305121997371316
100,2,"balanced_shuffled","bind_rows","IndexedUnits",5,0.000305777997709811
100,2,"balanced_shuffled","bind_rows","mixed_units",1,0.000322423999023158
100,2,"balanced_shuffled","bind_rows","mixed_units",2,0.000304794004478026
100,2,"balanced_shuffled","bind_rows","mixed_units",3,0.00029265800549183
100,2,"balanced_shuffled","bind_rows","mixed_units",4,0.000286959002551157
100,2,"balanced_shuffled","bind_rows","mixed_units",5,0.000271092001639772
100,2,"balanced_shuffled","filter_mutate","IndexedUnits",1,0.000823895003122743
100,2,"balanced_shuffled","filter_mutate","IndexedUnits",2,0.000879573002748657
100,2,"balanced_shuffled","filter_mutate","IndexedUnits",3,0.000966780004091561
100,2,"balanced_shuffled","filter_mutate","IndexedUnits",4,0.00100105599995004
100,2,"balanced_shuffled","filter_mutate","IndexedUnits",5,0.000805650000984315
100,2,"balanced_shuffled","filter_mutate","mixed_units",1,0.00290562900045188
100,2,"balanced_shuffled","filter_mutate","mixed_units",2,0.00523098499979824
100,2,"balanced_shuffled","filter_mutate","mixed_units",3,0.00566689699917333
100,2,"balanced_shuffled","filter_mutate","mixed_units",4,0.00315154699637787
100,2,"balanced_shuffled","filter_mutate","mixed_units",5,0.00302223299513571
100,2,"balanced_shuffled","pivot_roundtrip","IndexedUnits",1,0.00251584199577337
100,2,"balanced_shuffled","pivot_roundtrip","IndexedUnits",2,0.00255610400199657
100,2,"balanced_shuffled","pivot_roundtrip","IndexedUnits",3,0.00236127200332703
100,2,"balanced_shuffled","pivot_roundtrip","IndexedUnits",4,0.00535451800533338
100,2,"balanced_shuffled","pivot_roundtrip","IndexedUnits",5,0.00367802799883066
100,2,"balanced_shuffled","pivot_roundtrip","mixed_units",1,0.00227119500050321
100,2,"balanced_shuffled","pivot_roundtrip","mixed_units",2,0.00249095499748364
100,2,"balanced_shuffled","pivot_roundtrip","mixed_units",3,0.00215594399924157
100,2,"balanced_shuffled","pivot_roundtrip","mixed_units",4,0.00206426799559267
100,2,"balanced_shuffled","pivot_roundtrip","mixed_units",5,0.00212584999826504
1000,2,"balanced_shuffled","construct","IndexedUnits",1,0.000245672003075015
1000,2,"balanced_shuffled","construct","IndexedUnits",2,0.000200203001440968
1000,2,"balanced_shuffled","construct","IndexedUnits",3,0.000190117003512569
1000,2,"balanced_shuffled","construct","IndexedUnits",4,0.000193766005395446
1000,2,"balanced_shuffled","construct","IndexedUnits",5,0.000189256003068294
1000,2,"balanced_shuffled","construct","mixed_units",1,0.0760969429975376
1000,2,"balanced_shuffled","construct","mixed_units",2,0.0725787740011583
1000,2,"balanced_shuffled","construct","mixed_units",3,0.0755909209983656
1000,2,"balanced_shuffled","slice","IndexedUnits",1,8.81499727256596e-06
1000,2,"balanced_shuffled","slice","IndexedUnits",2,7.87199678597972e-06
1000,2,"balanced_shuffled","slice","IndexedUnits",3,6.84699625708163e-06
1000,2,"balanced_shuffled","slice","IndexedUnits",4,6.72400346957147e-06
1000,2,"balanced_shuffled","slice","IndexedUnits",5,6.68300344841555e-06
1000,2,"balanced_shuffled","slice","mixed_units",1,7.01100361766294e-06
1000,2,"balanced_shuffled","slice","mixed_units",2,6.19100319454446e-06
1000,2,"balanced_shuffled","slice","mixed_units",3,5.41200279258192e-06
1000,2,"balanced_shuffled","slice","mixed_units",4,5.32999547431245e-06
1000,2,"balanced_shuffled","slice","mixed_units",5,5.37100277142599e-06
1000,2,"balanced_shuffled","replace","IndexedUnits",1,2.80029998975806e-05
1000,2,"balanced_shuffled","replace","IndexedUnits",2,2.3821005015634e-05
1000,2,"balanced_shuffled","replace","IndexedUnits",3,2.0582003344316e-05
1000,2,"balanced_shuffled","replace","IndexedUnits",4,2.07459961529821e-05
1000,2,"balanced_shuffled","replace","IndexedUnits",5,2.01720031327568e-05
1000,2,"balanced_shuffled","replace","mixed_units",1,7.78999674366787e-06
1000,2,"balanced_shuffled","replace","mixed_units",2,5.24800270795822e-06
1000,2,"balanced_shuffled","replace","mixed_units",3,5.12499536853284e-06
1000,2,"balanced_shuffled","replace","mixed_units",4,4.87900251755491e-06
1000,2,"balanced_shuffled","replace","mixed_units",5,4.22299490310252e-06
1000,2,"balanced_shuffled","concatenate","IndexedUnits",1,4.91590035380796e-05
1000,2,"balanced_shuffled","concatenate","IndexedUnits",2,3.46450033248402e-05
1000,2,"balanced_shuffled","concatenate","IndexedUnits",3,3.24309949064627e-05
1000,2,"balanced_shuffled","concatenate","IndexedUnits",4,3.23490021401085e-05
1000,2,"balanced_shuffled","concatenate","IndexedUnits",5,3.16109944833443e-05
1000,2,"balanced_shuffled","concatenate","mixed_units",1,3.73509974451736e-05
1000,2,"balanced_shuffled","concatenate","mixed_units",2,1.66870013345033e-05
1000,2,"balanced_shuffled","concatenate","mixed_units",3,1.61540010594763e-05
1000,2,"balanced_shuffled","concatenate","mixed_units",4,1.55800007632934e-05
1000,2,"balanced_shuffled","concatenate","mixed_units",5,1.55390007421374e-05
1000,2,"balanced_shuffled","scale","IndexedUnits",1,0.000504955998621881
1000,2,"balanced_shuffled","scale","IndexedUnits",2,0.000388967004255392
1000,2,"balanced_shuffled","scale","IndexedUnits",3,0.000374124996596947
1000,2,"balanced_shuffled","scale","IndexedUnits",4,0.000373878996470012
1000,2,"balanced_shuffled","scale","IndexedUnits",5,0.00036723700031871
1000,2,"balanced_shuffled","scale","mixed_units",1,0.0699562090012478
1000,2,"balanced_shuffled","scale","mixed_units",2,0.0689987360019586
1000,2,"balanced_shuffled","scale","mixed_units",3,0.0694288259983296
1000,2,"balanced_shuffled","add_same","IndexedUnits",1,0.000517706997925416
1000,2,"balanced_shuffled","add_same","IndexedUnits",2,0.000380561999918427
1000,2,"balanced_shuffled","add_same","IndexedUnits",3,0.000374248003936373
1000,2,"balanced_shuffled","add_same","IndexedUnits",4,0.000371664995327592
1000,2,"balanced_shuffled","add_same","IndexedUnits",5,0.000376133997633588
1000,2,"balanced_shuffled","add_same","mixed_units",1,0.0256928960006917
1000,2,"balanced_shuffled","add_same","mixed_units",2,0.0217535340052564
1000,2,"balanced_shuffled","add_same","mixed_units",3,0.0288769969993155
1000,2,"balanced_shuffled","add_same","mixed_units",4,0.0174994970002444
1000,2,"balanced_shuffled","add_same","mixed_units",5,0.0291673589963466
1000,2,"balanced_shuffled","add_convert","IndexedUnits",1,0.00776166900323005
1000,2,"balanced_shuffled","add_convert","IndexedUnits",2,0.00594787000591168
1000,2,"balanced_shuffled","add_convert","IndexedUnits",3,0.00635889499972109
1000,2,"balanced_shuffled","add_convert","IndexedUnits",4,0.00422898599936161
1000,2,"balanced_shuffled","add_convert","IndexedUnits",5,0.00298976100020809
1000,2,"balanced_shuffled","add_convert","mixed_units",1,0.0575505519955186
1000,2,"balanced_shuffled","add_convert","mixed_units",2,0.0671845269971527
1000,2,"balanced_shuffled","add_convert","mixed_units",3,0.0552584059987566
1000,2,"balanced_shuffled","multiply_pairs","IndexedUnits",1,0.000994004003587179
1000,2,"balanced_shuffled","multiply_pairs","IndexedUnits",2,0.0009726429998409
1000,2,"balanced_shuffled","multiply_pairs","IndexedUnits",3,0.000783141003921628
1000,2,"balanced_shuffled","multiply_pairs","IndexedUnits",4,0.0007735470062471
1000,2,"balanced_shuffled","multiply_pairs","IndexedUnits",5,0.000790931000665296
1000,2,"balanced_shuffled","multiply_pairs","mixed_units",1,0.0678102279998711
1000,2,"balanced_shuffled","multiply_pairs","mixed_units",2,0.06815753900446
1000,2,"balanced_shuffled","multiply_pairs","mixed_units",3,0.0895635159977246
1000,2,"balanced_shuffled","bind_rows","IndexedUnits",1,0.000393599999370053
1000,2,"balanced_shuffled","bind_rows","IndexedUnits",2,0.00041541199607309
1000,2,"balanced_shuffled","bind_rows","IndexedUnits",3,0.000358749995939434
1000,2,"balanced_shuffled","bind_rows","IndexedUnits",4,0.000384744002076332
1000,2,"balanced_shuffled","bind_rows","IndexedUnits",5,0.000354978001269046
1000,2,"balanced_shuffled","bind_rows","mixed_units",1,0.00045571499504149
1000,2,"balanced_shuffled","bind_rows","mixed_units",2,0.000327057001413777
1000,2,"balanced_shuffled","bind_rows","mixed_units",3,0.00151413000276079
1000,2,"balanced_shuffled","bind_rows","mixed_units",4,0.000716269998520147
1000,2,"balanced_shuffled","bind_rows","mixed_units",5,0.000697942996339407
1000,2,"balanced_shuffled","filter_mutate","IndexedUnits",1,0.00123041000188095
1000,2,"balanced_shuffled","filter_mutate","IndexedUnits",2,0.00114574500184972
1000,2,"balanced_shuffled","filter_mutate","IndexedUnits",3,0.00101278199872468
1000,2,"balanced_shuffled","filter_mutate","IndexedUnits",4,0.000962351994530763
1000,2,"balanced_shuffled","filter_mutate","IndexedUnits",5,0.000929305999306962
1000,2,"balanced_shuffled","filter_mutate","mixed_units",1,0.0447471540028346
1000,2,"balanced_shuffled","filter_mutate","mixed_units",2,0.044439571996918
1000,2,"balanced_shuffled","filter_mutate","mixed_units",3,0.0437300670018885
1000,2,"balanced_shuffled","pivot_roundtrip","IndexedUnits",1,0.00629940399812767
1000,2,"balanced_shuffled","pivot_roundtrip","IndexedUnits",2,0.00303006399917649
1000,2,"balanced_shuffled","pivot_roundtrip","IndexedUnits",3,0.00244688000384485
1000,2,"balanced_shuffled","pivot_roundtrip","IndexedUnits",4,0.00235372799943434
1000,2,"balanced_shuffled","pivot_roundtrip","IndexedUnits",5,0.00250493599742185
1000,2,"balanced_shuffled","pivot_roundtrip","mixed_units",1,0.00322083700302755
1000,2,"balanced_shuffled","pivot_roundtrip","mixed_units",2,0.00319922999915434
1000,2,"balanced_shuffled","pivot_roundtrip","mixed_units",3,0.00299632100359304
1000,2,"balanced_shuffled","pivot_roundtrip","mixed_units",4,0.00264577099733287
1000,2,"balanced_shuffled","pivot_roundtrip","mixed_units",5,0.00288443200406618
10000,2,"balanced_shuffled","construct","IndexedUnits",1,0.000791955993918236
10000,2,"balanced_shuffled","construct","IndexedUnits",2,0.000777442000980955
10000,2,"balanced_shuffled","construct","IndexedUnits",3,0.000710776002961211
10000,2,"balanced_shuffled","construct","IndexedUnits",4,0.00078756899893051
10000,2,"balanced_shuffled","construct","IndexedUnits",5,0.000788429999374785
10000,2,"balanced_shuffled","construct","mixed_units",1,1.15625350500341
10000,2,"balanced_shuffled","construct","mixed_units",2,0.768045087002974
10000,2,"balanced_shuffled","construct","mixed_units",3,0.735427291001542
10000,2,"balanced_shuffled","slice","IndexedUnits",1,2.15660038520582e-05
10000,2,"balanced_shuffled","slice","IndexedUnits",2,1.82040021172725e-05
10000,2,"balanced_shuffled","slice","IndexedUnits",3,1.61539937835187e-05
10000,2,"balanced_shuffled","slice","IndexedUnits",4,1.65640012710355e-05
10000,2,"balanced_shuffled","slice","IndexedUnits",5,1.53750006575137e-05
10000,2,"balanced_shuffled","slice","mixed_units",1,3.55470037902705e-05
10000,2,"balanced_shuffled","slice","mixed_units",2,2.25499970838428e-05
10000,2,"balanced_shuffled","slice","mixed_units",3,2.14429965126328e-05
10000,2,"balanced_shuffled","slice","mixed_units",4,2.12380036828108e-05
10000,2,"balanced_shuffled","slice","mixed_units",5,2.42310052271932e-05
10000,2,"balanced_shuffled","replace","IndexedUnits",1,2.82490000245161e-05
10000,2,"balanced_shuffled","replace","IndexedUnits",2,2.32059974223375e-05
10000,2,"balanced_shuffled","replace","IndexedUnits",3,2.06639961106703e-05
10000,2,"balanced_shuffled","replace","IndexedUnits",4,1.98440029635094e-05
10000,2,"balanced_shuffled","replace","IndexedUnits",5,2.23860042751767e-05
10000,2,"balanced_shuffled","replace","mixed_units",1,5.64980000490323e-05
10000,2,"balanced_shuffled","replace","mixed_units",2,2.87000002572313e-05
10000,2,"balanced_shuffled","replace","mixed_units",3,2.9397000616882e-05
10000,2,"balanced_shuffled","replace","mixed_units",4,3.02580010611564e-05
10000,2,"balanced_shuffled","replace","mixed_units",5,3.63669969374314e-05
10000,2,"balanced_shuffled","concatenate","IndexedUnits",1,0.000127018000057433
10000,2,"balanced_shuffled","concatenate","IndexedUnits",2,0.000131323002278805
10000,2,"balanced_shuffled","concatenate","IndexedUnits",3,0.000138908006192651
10000,2,"balanced_shuffled","concatenate","IndexedUnits",4,0.000140301999635994
10000,2,"balanced_shuffled","concatenate","IndexedUnits",5,0.000137759998324327
10000,2,"balanced_shuffled","concatenate","mixed_units",1,0.000158547001774423
10000,2,"balanced_shuffled","concatenate","mixed_units",2,0.000124230005894788
10000,2,"balanced_shuffled","concatenate","mixed_units",3,0.000125828999443911
10000,2,"balanced_shuffled","concatenate","mixed_units",4,0.000138005998451263
10000,2,"balanced_shuffled","concatenate","mixed_units",5,0.00013177400251152
10000,2,"balanced_shuffled","scale","IndexedUnits",1,0.000753252003050875
10000,2,"balanced_shuffled","scale","IndexedUnits",2,0.000689988999511115
10000,2,"balanced_shuffled","scale","IndexedUnits",3,0.000625126995146275
10000,2,"balanced_shuffled","scale","IndexedUnits",4,0.000640542995824944
10000,2,"balanced_shuffled","scale","IndexedUnits",5,0.000755424996896181
10000,2,"balanced_shuffled","scale","mixed_units",1,0.729283440996369
10000,2,"balanced_shuffled","scale","mixed_units",2,0.524480938001943
10000,2,"balanced_shuffled","scale","mixed_units",3,0.537682405003579
10000,2,"balanced_shuffled","add_same","IndexedUnits",1,0.000773300998844206
10000,2,"balanced_shuffled","add_same","IndexedUnits",2,0.000559813997824676
10000,2,"balanced_shuffled","add_same","IndexedUnits",3,0.000625290995230898
10000,2,"balanced_shuffled","add_same","IndexedUnits",4,0.000690070999553427
10000,2,"balanced_shuffled","add_same","IndexedUnits",5,0.00196951699763304
10000,2,"balanced_shuffled","add_same","mixed_units",1,0.160325210999872
10000,2,"balanced_shuffled","add_same","mixed_units",2,0.175333424995188
10000,2,"balanced_shuffled","add_same","mixed_units",3,0.182283047994133
10000,2,"balanced_shuffled","add_convert","IndexedUnits",1,0.0272856230003526
10000,2,"balanced_shuffled","add_convert","IndexedUnits",2,0.0235545000032289
10000,2,"balanced_shuffled","add_convert","IndexedUnits",3,0.0366055380000034
10000,2,"balanced_shuffled","add_convert","IndexedUnits",4,0.0336376709965407
10000,2,"balanced_shuffled","add_convert","mixed_units",1,0.51697584700014
10000,2,"balanced_shuffled","add_convert","mixed_units",2,0.58612201899814
10000,2,"balanced_shuffled","add_convert","mixed_units",3,0.611115619001794
10000,2,"balanced_shuffled","multiply_pairs","IndexedUnits",1,0.00141040000016801
10000,2,"balanced_shuffled","multiply_pairs","IndexedUnits",2,0.00113283000246156
10000,2,"balanced_shuffled","multiply_pairs","IndexedUnits",3,0.00135340999986511
10000,2,"balanced_shuffled","multiply_pairs","IndexedUnits",4,0.00125283699890133
10000,2,"balanced_shuffled","multiply_pairs","IndexedUnits",5,0.00115952099440619
10000,2,"balanced_shuffled","multiply_pairs","mixed_units",1,0.809941428997263
10000,2,"balanced_shuffled","multiply_pairs","mixed_units",2,0.761215307000384
10000,2,"balanced_shuffled","multiply_pairs","mixed_units",3,0.452206055997522
10000,2,"balanced_shuffled","bind_rows","IndexedUnits",1,0.000519141998665873
10000,2,"balanced_shuffled","bind_rows","IndexedUnits",2,0.00053033500444144
10000,2,"balanced_shuffled","bind_rows","IndexedUnits",3,0.000460266004665755
10000,2,"balanced_shuffled","bind_rows","IndexedUnits",4,0.000471459003165364
10000,2,"balanced_shuffled","bind_rows","IndexedUnits",5,0.000466088000393938
10000,2,"balanced_shuffled","bind_rows","mixed_units",1,0.00110646699613426
10000,2,"balanced_shuffled","bind_rows","mixed_units",2,0.000741894997190684
10000,2,"balanced_shuffled","bind_rows","mixed_units",3,0.000873094999406021
10000,2,"balanced_shuffled","bind_rows","mixed_units",4,0.000797573004092555
10000,2,"balanced_shuffled","bind_rows","mixed_units",5,0.00071171899617184
10000,2,"balanced_shuffled","filter_mutate","IndexedUnits",1,0.00134406200231751
10000,2,"balanced_shuffled","filter_mutate","IndexedUnits",2,0.000992158995359205
10000,2,"balanced_shuffled","filter_mutate","IndexedUnits",3,0.000940908998018131
10000,2,"balanced_shuffled","filter_mutate","IndexedUnits",4,0.00103648000367684
10000,2,"balanced_shuffled","filter_mutate","IndexedUnits",5,0.0010157340002479
10000,2,"balanced_shuffled","filter_mutate","mixed_units",1,0.283156126999529
10000,2,"balanced_shuffled","filter_mutate","mixed_units",2,0.288281906003249
10000,2,"balanced_shuffled","filter_mutate","mixed_units",3,0.305425031001505
10000,2,"balanced_shuffled","pivot_roundtrip","IndexedUnits",1,0.00420291000045836
10000,2,"balanced_shuffled","pivot_roundtrip","IndexedUnits",2,0.106695898997714
10000,2,"balanced_shuffled","pivot_roundtrip","IndexedUnits",3,0.00342374600586481
10000,2,"balanced_shuffled","pivot_roundtrip","mixed_units",1,0.00833152799896197
10000,2,"balanced_shuffled","pivot_roundtrip","mixed_units",2,0.00768081699789036
10000,2,"balanced_shuffled","pivot_roundtrip","mixed_units",3,0.00743514499481535
10000,2,"balanced_shuffled","pivot_roundtrip","mixed_units",4,0.00799639400065644
10000,2,"balanced_shuffled","pivot_roundtrip","mixed_units",5,0.00777671599644236
100,8,"balanced_shuffled","construct","IndexedUnits",1,0.000693063993821852
100,8,"balanced_shuffled","construct","IndexedUnits",2,0.000706184000591747
100,8,"balanced_shuffled","construct","IndexedUnits",3,0.000752882995584514
100,8,"balanced_shuffled","construct","IndexedUnits",4,0.000656164003885351
100,8,"balanced_shuffled","construct","IndexedUnits",5,0.000682445002894383
100,8,"balanced_shuffled","construct","mixed_units",1,0.00663433300360339
100,8,"balanced_shuffled","construct","mixed_units",2,0.00870659600332147
100,8,"balanced_shuffled","construct","mixed_units",3,0.00658562500029802
100,8,"balanced_shuffled","construct","mixed_units",4,0.00660403400252108
100,8,"balanced_shuffled","construct","mixed_units",5,0.00665782600117382
100,8,"balanced_shuffled","slice","IndexedUnits",1,7.91299680713564e-06
100,8,"balanced_shuffled","slice","IndexedUnits",2,7.2980037657544e-06
100,8,"balanced_shuffled","slice","IndexedUnits",3,6.19099591858685e-06
100,8,"balanced_shuffled","slice","IndexedUnits",4,5.90399577049538e-06
100,8,"balanced_shuffled","slice","IndexedUnits",5,5.78100298298523e-06
100,8,"balanced_shuffled","slice","mixed_units",1,5.82199572818354e-06
100,8,"balanced_shuffled","slice","mixed_units",2,5.33000275027007e-06
100,8,"balanced_shuffled","slice","mixed_units",3,4.75599517812952e-06
100,8,"balanced_shuffled","slice","mixed_units",4,4.5100023271516e-06
100,8,"balanced_shuffled","slice","mixed_units",5,4.38699498772621e-06
100,8,"balanced_shuffled","replace","IndexedUnits",1,2.07049961318262e-05
100,8,"balanced_shuffled","replace","IndexedUnits",2,1.92699953913689e-05
100,8,"balanced_shuffled","replace","IndexedUnits",3,1.83680022018962e-05
100,8,"balanced_shuffled","replace","IndexedUnits",4,1.79169946932234e-05
100,8,"balanced_shuffled","replace","IndexedUnits",5,1.7917001969181e-05
100,8,"balanced_shuffled","replace","mixed_units",1,2.09099380299449e-06
100,8,"balanced_shuffled","replace","mixed_units",2,2.13200110010803e-06
100,8,"balanced_shuffled","replace","mixed_units",3,1.72200088854879e-06
100,8,"balanced_shuffled","replace","mixed_units",4,1.43500074045733e-06
100,8,"balanced_shuffled","replace","mixed_units",5,1.43500074045733e-06
100,8,"balanced_shuffled","concatenate","IndexedUnits",1,2.70189993898384e-05
100,8,"balanced_shuffled","concatenate","IndexedUnits",2,2.65679991571233e-05
100,8,"balanced_shuffled","concatenate","IndexedUnits",3,2.74699996225536e-05
100,8,"balanced_shuffled","concatenate","IndexedUnits",4,2.34520048252307e-05
100,8,"balanced_shuffled","concatenate","IndexedUnits",5,2.16889966395684e-05
100,8,"balanced_shuffled","concatenate","mixed_units",1,7.62599665904418e-06
100,8,"balanced_shuffled","concatenate","mixed_units",2,7.01100361766294e-06
100,8,"balanced_shuffled","concatenate","mixed_units",3,6.84700353303924e-06
100,8,"balanced_shuffled","concatenate","mixed_units",4,6.35499600321054e-06
100,8,"balanced_shuffled","concatenate","mixed_units",5,6.06800313107669e-06
100,8,"balanced_shuffled","scale","IndexedUnits",1,0.00127571500343038
100,8,"balanced_shuffled","scale","IndexedUnits",2,0.00117993899766589
100,8,"balanced_shuffled","scale","IndexedUnits",3,0.00118494100024691
100,8,"balanced_shuffled","scale","IndexedUnits",4,0.00134906400489854
100,8,"balanced_shuffled","scale","IndexedUnits",5,0.00112139100383501
100,8,"balanced_shuffled","scale","mixed_units",1,0.00476707000052556
100,8,"balanced_shuffled","scale","mixed_units",2,0.00496706800186075
100,8,"balanced_shuffled","scale","mixed_units",3,0.00624196300486801
100,8,"balanced_shuffled","scale","mixed_units",4,0.00488486300309887
100,8,"balanced_shuffled","scale","mixed_units",5,0.00493266899866285
100,8,"balanced_shuffled","add_same","IndexedUnits",1,0.00141409000207204
100,8,"balanced_shuffled","add_same","IndexedUnits",2,0.00134840800456004
100,8,"balanced_shuffled","add_same","IndexedUnits",3,0.00137309000274399
100,8,"balanced_shuffled","add_same","IndexedUnits",4,0.00136599699908402
100,8,"balanced_shuffled","add_same","IndexedUnits",5,0.00134152000100585
100,8,"balanced_shuffled","add_same","mixed_units",1,0.00141429499490187
100,8,"balanced_shuffled","add_same","mixed_units",2,0.00145718100247905
100,8,"balanced_shuffled","add_same","mixed_units",3,0.00153011999645969
100,8,"balanced_shuffled","add_same","mixed_units",4,0.00265036299970234
100,8,"balanced_shuffled","add_same","mixed_units",5,0.00137300799542572
100,8,"balanced_shuffled","add_convert","IndexedUnits",1,0.0021123609985807
100,8,"balanced_shuffled","add_convert","IndexedUnits",2,0.00217152400000487
100,8,"balanced_shuffled","add_convert","IndexedUnits",3,0.00191453599836677
100,8,"balanced_shuffled","add_convert","IndexedUnits",4,0.00197837299492676
100,8,"balanced_shuffled","add_convert","IndexedUnits",5,0.00204446499992628
100,8,"balanced_shuffled","add_convert","mixed_units",1,0.00419294699531747
100,8,"balanced_shuffled","add_convert","mixed_units",2,0.00412439500360051
100,8,"balanced_shuffled","add_convert","mixed_units",3,0.0062654970024596
100,8,"balanced_shuffled","add_convert","mixed_units",4,0.00428212200495182
100,8,"balanced_shuffled","add_convert","mixed_units",5,0.00399508100235835
100,8,"balanced_shuffled","multiply_pairs","IndexedUnits",1,0.0113262500017299
100,8,"balanced_shuffled","multiply_pairs","IndexedUnits",2,0.0127398070035269
100,8,"balanced_shuffled","multiply_pairs","IndexedUnits",3,0.0111497450052411
100,8,"balanced_shuffled","multiply_pairs","IndexedUnits",4,0.0113792219999596
100,8,"balanced_shuffled","multiply_pairs","IndexedUnits",5,0.0125536670020665
100,8,"balanced_shuffled","multiply_pairs","mixed_units",1,0.00426539400359616
100,8,"balanced_shuffled","multiply_pairs","mixed_units",2,0.00426035100099398
100,8,"balanced_shuffled","multiply_pairs","mixed_units",3,0.00419946599868126
100,8,"balanced_shuffled","multiply_pairs","mixed_units",4,0.00412131999473786
100,8,"balanced_shuffled","multiply_pairs","mixed_units",5,0.00424415599991335
100,8,"balanced_shuffled","bind_rows","IndexedUnits",1,0.000336035998770967
100,8,"balanced_shuffled","bind_rows","IndexedUnits",2,0.00029975099459989
100,8,"balanced_shuffled","bind_rows","IndexedUnits",3,0.000302498003293294
100,8,"balanced_shuffled","bind_rows","IndexedUnits",4,0.00031926700467011
100,8,"balanced_shuffled","bind_rows","IndexedUnits",5,0.000290034004137851
100,8,"balanced_shuffled","bind_rows","mixed_units",1,0.000266950999503024
100,8,"balanced_shuffled","bind_rows","mixed_units",2,0.000265023998508696
100,8,"balanced_shuffled","bind_rows","mixed_units",3,0.000297250000585336
100,8,"balanced_shuffled","bind_rows","mixed_units",4,0.000270845994236879
100,8,"balanced_shuffled","bind_rows","mixed_units",5,0.000244524002482649
100,8,"balanced_shuffled","filter_mutate","IndexedUnits",1,0.00221354899986181
100,8,"balanced_shuffled","filter_mutate","IndexedUnits",2,0.00180104799801484
100,8,"balanced_shuffled","filter_mutate","IndexedUnits",3,0.00179875199683011
100,8,"balanced_shuffled","filter_mutate","IndexedUnits",4,0.00165750700398348
100,8,"balanced_shuffled","filter_mutate","IndexedUnits",5,0.00172068800020497
100,8,"balanced_shuffled","filter_mutate","mixed_units",1,0.00305117899551988
100,8,"balanced_shuffled","filter_mutate","mixed_units",2,0.00284794199978933
100,8,"balanced_shuffled","filter_mutate","mixed_units",3,0.00404538799921283
100,8,"balanced_shuffled","filter_mutate","mixed_units",4,0.0030164930067258
100,8,"balanced_shuffled","filter_mutate","mixed_units",5,0.00287754400051199
100,8,"balanced_shuffled","pivot_roundtrip","IndexedUnits",1,0.00235032500495436
100,8,"balanced_shuffled","pivot_roundtrip","IndexedUnits",2,0.00217820700345328
100,8,"balanced_shuffled","pivot_roundtrip","IndexedUnits",3,0.00236233800387708
100,8,"balanced_shuffled","pivot_roundtrip","IndexedUnits",4,0.00215172099706251
100,8,"balanced_shuffled","pivot_roundtrip","IndexedUnits",5,0.00230264199490193
100,8,"balanced_shuffled","pivot_roundtrip","mixed_units",1,0.0038669560017297
100,8,"balanced_shuffled","pivot_roundtrip","mixed_units",2,0.00209063099464402
100,8,"balanced_shuffled","pivot_roundtrip","mixed_units",3,0.00208882700098911
100,8,"balanced_shuffled","pivot_roundtrip","mixed_units",4,0.00214741599484114
100,8,"balanced_shuffled","pivot_roundtrip","mixed_units",5,0.00211633800063282
1000,8,"balanced_shuffled","construct","IndexedUnits",1,0.00083209500007797
1000,8,"balanced_shuffled","construct","IndexedUnits",2,0.000751571002183482
1000,8,"balanced_shuffled","construct","IndexedUnits",3,0.000943286999245174
1000,8,"balanced_shuffled","construct","IndexedUnits",4,0.000747389000025578
1000,8,"balanced_shuffled","construct","IndexedUnits",5,0.00070273999881465
1000,8,"balanced_shuffled","construct","mixed_units",1,0.0868030679994263
1000,8,"balanced_shuffled","construct","mixed_units",2,0.091017908998765
1000,8,"balanced_shuffled","construct","mixed_units",3,0.0894840990004013
1000,8,"balanced_shuffled","slice","IndexedUnits",1,1.41040000016801e-05
1000,8,"balanced_shuffled","slice","IndexedUnits",2,9.9219978437759e-06
1000,8,"balanced_shuffled","slice","IndexedUnits",3,8.19999695522711e-06
1000,8,"balanced_shuffled","slice","IndexedUnits",4,7.58499663788825e-06
1000,8,"balanced_shuffled","slice","IndexedUnits",5,7.09300365997478e-06
1000,8,"balanced_shuffled","slice","mixed_units",1,1.08649983303621e-05
1000,8,"balanced_shuffled","slice","mixed_units",2,1.05369981611148e-05
1000,8,"balanced_shuffled","slice","mixed_units",3,6.15000317338854e-06
1000,8,"balanced_shuffled","slice","mixed_units",4,5.82200300414115e-06
1000,8,"balanced_shuffled","slice","mixed_units",5,5.65799564355984e-06
1000,8,"balanced_shuffled","replace","IndexedUnits",1,2.47230127570219e-05
1000,8,"balanced_shuffled","replace","IndexedUnits",2,2.15250038309023e-05
1000,8,"balanced_shuffled","replace","IndexedUnits",3,1.97620101971552e-05
1000,8,"balanced_shuffled","replace","IndexedUnits",4,1.87370023922995e-05
1000,8,"balanced_shuffled","replace","IndexedUnits",5,1.86960096471012e-05
1000,8,"balanced_shuffled","replace","mixed_units",1,6.6010034061037e-06
1000,8,"balanced_shuffled","replace","mixed_units",2,4.63300239061937e-06
1000,8,"balanced_shuffled","replace","mixed_units",3,4.05899481847882e-06
1000,8,"balanced_shuffled","replace","mixed_units",4,4.26400220021605e-06
1000,8,"balanced_shuffled","replace","mixed_units",5,3.93599475501105e-06
1000,8,"balanced_shuffled","concatenate","IndexedUnits",1,4.10409993492067e-05
1000,8,"balanced_shuffled","concatenate","IndexedUnits",2,4.02619989472441e-05
1000,8,"balanced_shuffled","concatenate","IndexedUnits",3,3.89910055673681e-05
1000,8,"balanced_shuffled","concatenate","IndexedUnits",4,3.91140056308359e-05
1000,8,"balanced_shuffled","concatenate","IndexedUnits",5,3.02990010823123e-05
1000,8,"balanced_shuffled","concatenate","mixed_units",1,2.19759967876598e-05
1000,8,"balanced_shuffled","concatenate","mixed_units",2,1.72610016306862e-05
1000,8,"balanced_shuffled","concatenate","mixed_units",3,1.60720010171644e-05
1000,8,"balanced_shuffled","concatenate","mixed_units",4,1.58669936354272e-05
1000,8,"balanced_shuffled","concatenate","mixed_units",5,1.54980007209815e-05
1000,8,"balanced_shuffled","scale","IndexedUnits",1,0.00140301999635994
1000,8,"balanced_shuffled","scale","IndexedUnits",2,0.0013742379960604
1000,8,"balanced_shuffled","scale","IndexedUnits",3,0.00146140399738215
1000,8,"balanced_shuffled","scale","IndexedUnits",4,0.00147427800402511
1000,8,"balanced_shuffled","scale","IndexedUnits",5,0.00129387799825054
1000,8,"balanced_shuffled","scale","mixed_units",1,0.0656592860032106
1000,8,"balanced_shuffled","scale","mixed_units",2,0.102889294998022
1000,8,"balanced_shuffled","scale","mixed_units",3,0.0700212759984424
1000,8,"balanced_shuffled","add_same","IndexedUnits",1,0.0017684120030026
1000,8,"balanced_shuffled","add_same","IndexedUnits",2,0.00177226600499125
1000,8,"balanced_shuffled","add_same","IndexedUnits",3,0.00175705500441836
1000,8,"balanced_shuffled","add_same","IndexedUnits",4,0.00160970100114355
1000,8,"balanced_shuffled","add_same","IndexedUnits",5,0.00161736800509971
1000,8,"balanced_shuffled","add_same","mixed_units",1,0.0293069230028777
1000,8,"balanced_shuffled","add_same","mixed_units",2,0.0171187710002414
1000,8,"balanced_shuffled","add_same","mixed_units",3,0.0292055300014908
1000,8,"balanced_shuffled","add_same","mixed_units",4,0.0174296740005957
1000,8,"balanced_shuffled","add_same","mixed_units",5,0.0293137699991348
1000,8,"balanced_shuffled","add_convert","IndexedUnits",1,0.00634036300471053
1000,8,"balanced_shuffled","add_convert","IndexedUnits",2,0.00590482000552583
1000,8,"balanced_shuffled","add_convert","IndexedUnits",3,0.00578038499952527
1000,8,"balanced_shuffled","add_convert","IndexedUnits",4,0.00588571400294313
1000,8,"balanced_shuffled","add_convert","IndexedUnits",5,0.0123883139967802
1000,8,"balanced_shuffled","add_convert","mixed_units",1,0.0691843019958469
1000,8,"balanced_shuffled","add_convert","mixed_units",2,0.0596431920057512
1000,8,"balanced_shuffled","add_convert","mixed_units",3,0.0592459020044771
1000,8,"balanced_shuffled","multiply_pairs","IndexedUnits",1,0.0186370829978841
1000,8,"balanced_shuffled","multiply_pairs","IndexedUnits",2,0.032334814000933
1000,8,"balanced_shuffled","multiply_pairs","IndexedUnits",3,0.0271331030016881
1000,8,"balanced_shuffled","multiply_pairs","IndexedUnits",4,0.0159925010011648
1000,8,"balanced_shuffled","multiply_pairs","IndexedUnits",5,0.0287786379994941
1000,8,"balanced_shuffled","multiply_pairs","mixed_units",1,0.0688085779984249
1000,8,"balanced_shuffled","multiply_pairs","mixed_units",2,0.070766286997241
1000,8,"balanced_shuffled","multiply_pairs","mixed_units",3,0.0753370899983565
1000,8,"balanced_shuffled","bind_rows","IndexedUnits",1,0.000902409999980591
1000,8,"balanced_shuffled","bind_rows","IndexedUnits",2,0.000940990998060443
1000,8,"balanced_shuffled","bind_rows","IndexedUnits",3,0.00089658799697645
1000,8,"balanced_shuffled","bind_rows","IndexedUnits",4,0.000828035997983534
1000,8,"balanced_shuffled","bind_rows","IndexedUnits",5,0.000848864001454785
1000,8,"balanced_shuffled","bind_rows","mixed_units",1,0.000948207001783885
1000,8,"balanced_shuffled","bind_rows","mixed_units",2,0.000940622005145997
1000,8,"balanced_shuffled","bind_rows","mixed_units",3,0.000979530996119138
1000,8,"balanced_shuffled","bind_rows","mixed_units",4,0.000915980999707244
1000,8,"balanced_shuffled","bind_rows","mixed_units",5,0.000891175994183868
1000,8,"balanced_shuffled","filter_mutate","IndexedUnits",1,0.00238939800328808
1000,8,"balanced_shuffled","filter_mutate","IndexedUnits",2,0.00193610200221883
1000,8,"balanced_shuffled","filter_mutate","IndexedUnits",3,0.00195291199634084
1000,8,"balanced_shuffled","filter_mutate","IndexedUnits",4,0.00200838499586098
1000,8,"balanced_shuffled","filter_mutate","IndexedUnits",5,0.00199132899433607
1000,8,"balanced_shuffled","filter_mutate","mixed_units",1,0.045509754003433
1000,8,"balanced_shuffled","filter_mutate","mixed_units",2,0.0450489549984923
1000,8,"balanced_shuffled","filter_mutate","mixed_units",3,0.0446822509984486
1000,8,"balanced_shuffled","pivot_roundtrip","IndexedUnits",1,0.00318861099367496
1000,8,"balanced_shuffled","pivot_roundtrip","IndexedUnits",2,0.00512245800200617
1000,8,"balanced_shuffled","pivot_roundtrip","IndexedUnits",3,0.00554590600222582
1000,8,"balanced_shuffled","pivot_roundtrip","IndexedUnits",4,0.00661965500330552
1000,8,"balanced_shuffled","pivot_roundtrip","IndexedUnits",5,0.00609928300400497
1000,8,"balanced_shuffled","pivot_roundtrip","mixed_units",1,0.00448408800002653
1000,8,"balanced_shuffled","pivot_roundtrip","mixed_units",2,0.00290972900256747
1000,8,"balanced_shuffled","pivot_roundtrip","mixed_units",3,0.00270805000036489
1000,8,"balanced_shuffled","pivot_roundtrip","mixed_units",4,0.0026007530032075
1000,8,"balanced_shuffled","pivot_roundtrip","mixed_units",5,0.00284814699989511
10000,8,"balanced_shuffled","construct","IndexedUnits",1,0.00131056499958504
10000,8,"balanced_shuffled","construct","IndexedUnits",2,0.00108129300497239
10000,8,"balanced_shuffled","construct","IndexedUnits",3,0.00121716700232355
10000,8,"balanced_shuffled","construct","IndexedUnits",4,0.00134680900373496
10000,8,"balanced_shuffled","construct","IndexedUnits",5,0.00121446100092726
10000,8,"balanced_shuffled","construct","mixed_units",1,1.55009466699994
10000,8,"balanced_shuffled","construct","mixed_units",2,0.919551484999829
10000,8,"balanced_shuffled","construct","mixed_units",3,1.03205499300384
10000,8,"balanced_shuffled","slice","IndexedUnits",1,3.6571997043211e-05
10000,8,"balanced_shuffled","slice","IndexedUnits",2,2.12790037039667e-05
10000,8,"balanced_shuffled","slice","IndexedUnits",3,1.93109954125248e-05
10000,8,"balanced_shuffled","slice","IndexedUnits",4,1.82450021384284e-05
10000,8,"balanced_shuffled","slice","IndexedUnits",5,1.78349946509115e-05
10000,8,"balanced_shuffled","slice","mixed_units",1,5.11270045535639e-05
10000,8,"balanced_shuffled","slice","mixed_units",2,2.7223999495618e-05
10000,8,"balanced_shuffled","slice","mixed_units",3,2.6157998945564e-05
10000,8,"balanced_shuffled","slice","mixed_units",4,2.76749997283332e-05
10000,8,"balanced_shuffled","slice","mixed_units",5,2.36979976762086e-05
10000,8,"balanced_shuffled","replace","IndexedUnits",1,2.9930000891909e-05
10000,8,"balanced_shuffled","replace","IndexedUnits",2,2.4558998120483e-05
10000,8,"balanced_shuffled","replace","IndexedUnits",3,2.55019986070693e-05
10000,8,"balanced_shuffled","replace","IndexedUnits",4,2.17299966607243e-05
10000,8,"balanced_shuffled","replace","IndexedUnits",5,2.20169968088157e-05
10000,8,"balanced_shuffled","replace","mixed_units",1,6.79779986967333e-05
10000,8,"balanced_shuffled","replace","mixed_units",2,4.23530000261962e-05
10000,8,"balanced_shuffled","replace","mixed_units",3,3.12830015900545e-05
10000,8,"balanced_shuffled","replace","mixed_units",4,3.29230024362914e-05
10000,8,"balanced_shuffled","replace","mixed_units",5,2.97660008072853e-05
10000,8,"balanced_shuffled","concatenate","IndexedUnits",1,0.0002049180038739
10000,8,"balanced_shuffled","concatenate","IndexedUnits",2,0.000202129995159339
10000,8,"balanced_shuffled","concatenate","IndexedUnits",3,0.00019696399976965
10000,8,"balanced_shuffled","concatenate","IndexedUnits",4,0.000185443001100793
10000,8,"balanced_shuffled","concatenate","IndexedUnits",5,0.000190649996511638
10000,8,"balanced_shuffled","concatenate","mixed_units",1,0.000394501999835484
10000,8,"balanced_shuffled","concatenate","mixed_units",2,0.00026879600045504
10000,8,"balanced_shuffled","concatenate","mixed_units",3,0.000134151996462606
10000,8,"balanced_shuffled","concatenate","mixed_units",4,0.000128330000734422
10000,8,"balanced_shuffled","concatenate","mixed_units",5,0.000134233996504918
10000,8,"balanced_shuffled","scale","IndexedUnits",1,0.00163868800154887
10000,8,"balanced_shuffled","scale","IndexedUnits",2,0.00154496199684218
10000,8,"balanced_shuffled","scale","IndexedUnits",3,0.00179530799505301
10000,8,"balanced_shuffled","scale","IndexedUnits",4,0.00153594200673979
10000,8,"balanced_shuffled","scale","IndexedUnits",5,0.00149211299867602
10000,8,"balanced_shuffled","scale","mixed_units",1,0.520163228000456
10000,8,"balanced_shuffled","scale","mixed_units",2,0.596618880001188
10000,8,"balanced_shuffled","scale","mixed_units",3,0.65676272300334
10000,8,"balanced_shuffled","add_same","IndexedUnits",1,0.00201773300068453
10000,8,"balanced_shuffled","add_same","IndexedUnits",2,0.00173667800117983
10000,8,"balanced_shuffled","add_same","IndexedUnits",3,0.00176160599949071
10000,8,"balanced_shuffled","add_same","IndexedUnits",4,0.00174688699917169
10000,8,"balanced_shuffled","add_same","IndexedUnits",5,0.00180518900015159
10000,8,"balanced_shuffled","add_same","mixed_units",1,0.219623921002494
10000,8,"balanced_shuffled","add_same","mixed_units",2,0.218474280998635
10000,8,"balanced_shuffled","add_same","mixed_units",3,0.219623346994922
10000,8,"balanced_shuffled","add_convert","IndexedUnits",1,0.0459833040004014
10000,8,"balanced_shuffled","add_convert","IndexedUnits",2,0.0527986109955236
10000,8,"balanced_shuffled","add_convert","IndexedUnits",3,0.0423328690012568
10000,8,"balanced_shuffled","add_convert","mixed_units",1,0.595966651999333
10000,8,"balanced_shuffled","add_convert","mixed_units",2,0.637578494999616
10000,8,"balanced_shuffled","add_convert","mixed_units",3,0.671156757001881
10000,8,"balanced_shuffled","multiply_pairs","IndexedUnits",1,0.0283221030040295
10000,8,"balanced_shuffled","multiply_pairs","IndexedUnits",2,0.0164790480048396
10000,8,"balanced_shuffled","multiply_pairs","IndexedUnits",3,0.0332398889950127
10000,8,"balanced_shuffled","multiply_pairs","IndexedUnits",4,0.0163749899948016
10000,8,"balanced_shuffled","multiply_pairs","IndexedUnits",5,0.0336615740015986
10000,8,"balanced_shuffled","multiply_pairs","mixed_units",1,0.831528175003768
10000,8,"balanced_shuffled","multiply_pairs","mixed_units",2,0.743321431000368
10000,8,"balanced_shuffled","multiply_pairs","mixed_units",3,0.471627222999814
10000,8,"balanced_shuffled","bind_rows","IndexedUnits",1,0.000487735997012351
10000,8,"balanced_shuffled","bind_rows","IndexedUnits",2,0.000458994996733963
10000,8,"balanced_shuffled","bind_rows","IndexedUnits",3,0.000443332995928358
10000,8,"balanced_shuffled","bind_rows","IndexedUnits",4,0.000457150003057905
10000,8,"balanced_shuffled","bind_rows","IndexedUnits",5,0.000477321998914704
10000,8,"balanced_shuffled","bind_rows","mixed_units",1,0.000797941997007001
10000,8,"balanced_shuffled","bind_rows","mixed_units",2,0.000694089001626708
10000,8,"balanced_shuffled","bind_rows","mixed_units",3,0.00074525699892547
10000,8,"balanced_shuffled","bind_rows","mixed_units",4,0.000706922000972554
10000,8,"balanced_shuffled","bind_rows","mixed_units",5,0.00076801200339105
10000,8,"balanced_shuffled","filter_mutate","IndexedUnits",1,0.0022328600025503
10000,8,"balanced_shuffled","filter_mutate","IndexedUnits",2,0.00192265400255565
10000,8,"balanced_shuffled","filter_mutate","IndexedUnits",3,0.00196586800302612
10000,8,"balanced_shuffled","filter_mutate","IndexedUnits",4,0.00211601000046358
10000,8,"balanced_shuffled","filter_mutate","IndexedUnits",5,0.00193064899940509
10000,8,"balanced_shuffled","filter_mutate","mixed_units",1,0.290617840000778
10000,8,"balanced_shuffled","filter_mutate","mixed_units",2,0.294081683998229
10000,8,"balanced_shuffled","filter_mutate","mixed_units",3,0.315497910996783
10000,8,"balanced_shuffled","pivot_roundtrip","IndexedUnits",1,0.00349947300128406
10000,8,"balanced_shuffled","pivot_roundtrip","IndexedUnits",2,0.00326536300417501
10000,8,"balanced_shuffled","pivot_roundtrip","IndexedUnits",3,0.00365859400335466
10000,8,"balanced_shuffled","pivot_roundtrip","IndexedUnits",4,0.00315154700365383
10000,8,"balanced_shuffled","pivot_roundtrip","IndexedUnits",5,0.00314355199952843
10000,8,"balanced_shuffled","pivot_roundtrip","mixed_units",1,0.00866809699800797
10000,8,"balanced_shuffled","pivot_roundtrip","mixed_units",2,0.00818011500086868
10000,8,"balanced_shuffled","pivot_roundtrip","mixed_units",3,0.00821750699833501
10000,8,"balanced_shuffled","pivot_roundtrip","mixed_units",4,0.0102750099977129
10000,8,"balanced_shuffled","pivot_roundtrip","mixed_units",5,0.00790586600487586
10000,8,"balanced_grouped","construct","IndexedUnits",1,0.00358569600211922
10000,8,"balanced_grouped","construct","IndexedUnits",2,0.00248583000211511
10000,8,"balanced_grouped","construct","IndexedUnits",3,0.00251325900171651
10000,8,"balanced_grouped","construct","IndexedUnits",4,0.00242244399851188
10000,8,"balanced_grouped","construct","IndexedUnits",5,0.00252912600262789
10000,8,"balanced_grouped","construct","mixed_units",1,1.24180295700353
10000,8,"balanced_grouped","construct","mixed_units",2,1.56888619699748
10000,8,"balanced_grouped","construct","mixed_units",3,0.828745587001322
10000,8,"balanced_grouped","slice","IndexedUnits",1,2.98480008495972e-05
10000,8,"balanced_grouped","slice","IndexedUnits",2,2.92330005322583e-05
10000,8,"balanced_grouped","slice","IndexedUnits",3,3.27179950545542e-05
10000,8,"balanced_grouped","slice","IndexedUnits",4,2.81259999610484e-05
10000,8,"balanced_grouped","slice","IndexedUnits",5,2.93150005745701e-05
10000,8,"balanced_grouped","slice","mixed_units",1,4.85440032207407e-05
10000,8,"balanced_grouped","slice","mixed_units",2,3.18160018650815e-05
10000,8,"balanced_grouped","slice","mixed_units",3,3.25949949910864e-05
10000,8,"balanced_grouped","slice","mixed_units",4,3.2595002267044e-05
10000,8,"balanced_grouped","slice","mixed_units",5,3.2266994821839e-05
10000,8,"balanced_grouped","replace","IndexedUnits",1,4.42390009993687e-05
10000,8,"balanced_grouped","replace","IndexedUnits",2,2.47230054810643e-05
10000,8,"balanced_grouped","replace","IndexedUnits",3,2.27140044444241e-05
10000,8,"balanced_grouped","replace","IndexedUnits",4,2.15660038520582e-05
10000,8,"balanced_grouped","replace","IndexedUnits",5,2.1319996449165e-05
10000,8,"balanced_grouped","replace","mixed_units",1,6.64609979139641e-05
10000,8,"balanced_grouped","replace","mixed_units",2,2.89050003630109e-05
10000,8,"balanced_grouped","replace","mixed_units",3,3.59160039806738e-05
10000,8,"balanced_grouped","replace","mixed_units",4,3.32920026266947e-05
10000,8,"balanced_grouped","replace","mixed_units",5,3.497299621813e-05
10000,8,"balanced_grouped","concatenate","IndexedUnits",1,0.000180112998350523
10000,8,"balanced_grouped","concatenate","IndexedUnits",2,0.000189870996109676
10000,8,"balanced_grouped","concatenate","IndexedUnits",3,0.00126833499962231
10000,8,"balanced_grouped","concatenate","IndexedUnits",4,0.000191059996723197
10000,8,"balanced_grouped","concatenate","IndexedUnits",5,0.000181260998942889
10000,8,"balanced_grouped","concatenate","mixed_units",1,0.000181547999090981
10000,8,"balanced_grouped","concatenate","mixed_units",2,0.000123041005281266
10000,8,"balanced_grouped","concatenate","mixed_units",3,0.000124106998555362
10000,8,"balanced_grouped","concatenate","mixed_units",4,0.000133537003421225
10000,8,"balanced_grouped","concatenate","mixed_units",5,0.000144073994306382
10000,8,"balanced_grouped","scale","IndexedUnits",1,0.00185471699660411
10000,8,"balanced_grouped","scale","IndexedUnits",2,0.00182367999514099
10000,8,"balanced_grouped","scale","IndexedUnits",3,0.00162425600137794
10000,8,"balanced_grouped","scale","IndexedUnits",4,0.0016742760053603
10000,8,"balanced_grouped","scale","IndexedUnits",5,0.00168801099789562
10000,8,"balanced_grouped","scale","mixed_units",1,0.694220158999087
10000,8,"balanced_grouped","scale","mixed_units",2,0.53240144099982
10000,8,"balanced_grouped","scale","mixed_units",3,0.539702925998427
10000,8,"balanced_grouped","add_same","IndexedUnits",1,0.00173462800012203
10000,8,"balanced_grouped","add_same","IndexedUnits",2,0.00164258299628273
10000,8,"balanced_grouped","add_same","IndexedUnits",3,0.00184750100015663
10000,8,"balanced_grouped","add_same","IndexedUnits",4,0.00168046700127888
10000,8,"balanced_grouped","add_same","IndexedUnits",5,0.00168747799762059
10000,8,"balanced_grouped","add_same","mixed_units",1,0.165829010002199
10000,8,"balanced_grouped","add_same","mixed_units",2,0.192174256997532
10000,8,"balanced_grouped","add_same","mixed_units",3,0.19021363700449
10000,8,"balanced_grouped","add_convert","IndexedUnits",1,0.0422331979934825
10000,8,"balanced_grouped","add_convert","IndexedUnits",2,0.0491927019975265
10000,8,"balanced_grouped","add_convert","IndexedUnits",3,0.050586947996635
10000,8,"balanced_grouped","add_convert","mixed_units",1,0.586833000001207
10000,8,"balanced_grouped","add_convert","mixed_units",2,0.624670055003662
10000,8,"balanced_grouped","add_convert","mixed_units",3,0.663493406005728
10000,8,"balanced_grouped","multiply_pairs","IndexedUnits",1,0.0326303420006298
10000,8,"balanced_grouped","multiply_pairs","IndexedUnits",2,0.0159581020052428
10000,8,"balanced_grouped","multiply_pairs","IndexedUnits",3,0.0327027480016113
10000,8,"balanced_grouped","multiply_pairs","IndexedUnits",4,0.0162912680025329
10000,8,"balanced_grouped","multiply_pairs","IndexedUnits",5,0.0321418679959606
10000,8,"balanced_grouped","multiply_pairs","mixed_units",1,0.832364779998898
10000,8,"balanced_grouped","multiply_pairs","mixed_units",2,0.71843738300231
10000,8,"balanced_grouped","multiply_pairs","mixed_units",3,0.467139977998158
10000,8,"balanced_grouped","bind_rows","IndexedUnits",1,0.000506800999573898
10000,8,"balanced_grouped","bind_rows","IndexedUnits",2,0.000474369997391477
10000,8,"balanced_grouped","bind_rows","IndexedUnits",3,0.000509138000779785
10000,8,"balanced_grouped","bind_rows","IndexedUnits",4,0.00048138100100914
10000,8,"balanced_grouped","bind_rows","IndexedUnits",5,0.000458872003946453
10000,8,"balanced_grouped","bind_rows","mixed_units",1,0.000805076000688132
10000,8,"balanced_grouped","bind_rows","mixed_units",2,0.000701346005371306
10000,8,"balanced_grouped","bind_rows","mixed_units",3,0.000805035000666976
10000,8,"balanced_grouped","bind_rows","mixed_units",4,0.000746281999454368
10000,8,"balanced_grouped","bind_rows","mixed_units",5,0.000839392996567767
10000,8,"balanced_grouped","filter_mutate","IndexedUnits",1,0.00239321099797962
10000,8,"balanced_grouped","filter_mutate","IndexedUnits",2,0.00193364200094948
10000,8,"balanced_grouped","filter_mutate","IndexedUnits",3,0.00191474099847255
10000,8,"balanced_grouped","filter_mutate","IndexedUnits",4,0.00185451200377429
10000,8,"balanced_grouped","filter_mutate","IndexedUnits",5,0.0019713209985639
10000,8,"balanced_grouped","filter_mutate","mixed_units",1,0.299199795997993
10000,8,"balanced_grouped","filter_mutate","mixed_units",2,0.29590761900181
10000,8,"balanced_grouped","filter_mutate","mixed_units",3,0.32343014000071
10000,8,"balanced_grouped","pivot_roundtrip","IndexedUnits",1,0.00416670699632959
10000,8,"balanced_grouped","pivot_roundtrip","IndexedUnits",2,0.00334724000276765
10000,8,"balanced_grouped","pivot_roundtrip","IndexedUnits",3,0.00318119000439765
10000,8,"balanced_grouped","pivot_roundtrip","IndexedUnits",4,0.00341074899915839
10000,8,"balanced_grouped","pivot_roundtrip","IndexedUnits",5,0.003271923000284
10000,8,"balanced_grouped","pivot_roundtrip","mixed_units",1,0.00777401000232203
10000,8,"balanced_grouped","pivot_roundtrip","mixed_units",2,0.0076105429980089
10000,8,"balanced_grouped","pivot_roundtrip","mixed_units",3,0.00762509799824329
10000,8,"balanced_grouped","pivot_roundtrip","mixed_units",4,0.00994352500129025
10000,8,"balanced_grouped","pivot_roundtrip","mixed_units",5,0.0078634309975314
10000,8,"skewed_shuffled","construct","IndexedUnits",1,0.00111843900231179
10000,8,"skewed_shuffled","construct","IndexedUnits",2,0.000846773000375833
10000,8,"skewed_shuffled","construct","IndexedUnits",3,0.00086030300008133
10000,8,"skewed_shuffled","construct","IndexedUnits",4,0.000904091000847984
10000,8,"skewed_shuffled","construct","IndexedUnits",5,0.00088760899961926
10000,8,"skewed_shuffled","construct","mixed_units",1,0.788628891001281
10000,8,"skewed_shuffled","construct","mixed_units",2,0.944491169997491
10000,8,"skewed_shuffled","construct","mixed_units",3,1.08690397299506
10000,8,"skewed_shuffled","slice","IndexedUnits",1,1.95979955606163e-05
10000,8,"skewed_shuffled","slice","IndexedUnits",2,1.74659944605082e-05
10000,8,"skewed_shuffled","slice","IndexedUnits",3,1.63180011441e-05
10000,8,"skewed_shuffled","slice","IndexedUnits",4,1.66460013133474e-05
10000,8,"skewed_shuffled","slice","IndexedUnits",5,1.5744000847917e-05
10000,8,"skewed_shuffled","slice","mixed_units",1,3.71870046365075e-05
10000,8,"skewed_shuffled","slice","mixed_units",2,2.35749976127408e-05
10000,8,"skewed_shuffled","slice","mixed_units",3,2.21810041693971e-05
10000,8,"skewed_shuffled","slice","mixed_units",4,2.15660038520582e-05
10000,8,"skewed_shuffled","slice","mixed_units",5,2.63219990301877e-05
10000,8,"skewed_shuffled","replace","IndexedUnits",1,4.8380003136117e-05
10000,8,"skewed_shuffled","replace","IndexedUnits",2,6.31809962214902e-05
10000,8,"skewed_shuffled","replace","IndexedUnits",3,4.4649001210928e-05
10000,8,"skewed_shuffled","replace","IndexedUnits",4,2.94380006380379e-05
10000,8,"skewed_shuffled","replace","IndexedUnits",5,2.69779993686825e-05
10000,8,"skewed_shuffled","replace","mixed_units",1,0.000104303995613009
10000,8,"skewed_shuffled","replace","mixed_units",2,3.50140035152435e-05
10000,8,"skewed_shuffled","replace","mixed_units",3,3.34560027113184e-05
10000,8,"skewed_shuffled","replace","mixed_units",4,3.42349958373234e-05
10000,8,"skewed_shuffled","replace","mixed_units",5,3.33330026478507e-05
10000,8,"skewed_shuffled","concatenate","IndexedUnits",1,0.000176136003574356
10000,8,"skewed_shuffled","concatenate","IndexedUnits",2,0.000156620000780094
10000,8,"skewed_shuffled","concatenate","IndexedUnits",3,0.000183515992830507
10000,8,"skewed_shuffled","concatenate","IndexedUnits",4,0.000169289000041317
10000,8,"skewed_shuffled","concatenate","IndexedUnits",5,0.000166459998581558
10000,8,"skewed_shuffled","concatenate","mixed_units",1,0.000255266000749543
10000,8,"skewed_shuffled","concatenate","mixed_units",2,0.000129642001411412
10000,8,"skewed_shuffled","concatenate","mixed_units",3,0.000115906994324178
10000,8,"skewed_shuffled","concatenate","mixed_units",4,0.000127674000395928
10000,8,"skewed_shuffled","concatenate","mixed_units",5,0.000117875002615619
10000,8,"skewed_shuffled","scale","IndexedUnits",1,0.00156968500232324
10000,8,"skewed_shuffled","scale","IndexedUnits",2,0.00155131700012134
10000,8,"skewed_shuffled","scale","IndexedUnits",3,0.00160289499763167
10000,8,"skewed_shuffled","scale","IndexedUnits",4,0.00136304499756079
10000,8,"skewed_shuffled","scale","IndexedUnits",5,0.00143229399691336
10000,8,"skewed_shuffled","scale","mixed_units",1,0.596475543999986
10000,8,"skewed_shuffled","scale","mixed_units",2,0.64579563299776
10000,8,"skewed_shuffled","scale","mixed_units",3,0.67826578799577
10000,8,"skewed_shuffled","add_same","IndexedUnits",1,0.00198144799651345
10000,8,"skewed_shuffled","add_same","IndexedUnits",2,0.00186152300011599
10000,8,"skewed_shuffled","add_same","IndexedUnits",3,0.00175557899638079
10000,8,"skewed_shuffled","add_same","IndexedUnits",4,0.00186877999658464
10000,8,"skewed_shuffled","add_same","IndexedUnits",5,0.00186127699998906
10000,8,"skewed_shuffled","add_same","mixed_units",1,0.207655487996817
10000,8,"skewed_shuffled","add_same","mixed_units",2,0.298603491995891
10000,8,"skewed_shuffled","add_same","mixed_units",3,0.155607095002779
10000,8,"skewed_shuffled","add_convert","IndexedUnits",1,0.0286986060018535
10000,8,"skewed_shuffled","add_convert","IndexedUnits",2,0.0623211069978424
10000,8,"skewed_shuffled","add_convert","IndexedUnits",3,0.0294878150016302
10000,8,"skewed_shuffled","add_convert","mixed_units",1,0.630495949997567
10000,8,"skewed_shuffled","add_convert","mixed_units",2,0.710456856002565
10000,8,"skewed_shuffled","add_convert","mixed_units",3,0.734578427000088
10000,8,"skewed_shuffled","multiply_pairs","IndexedUnits",1,0.0134513619996142
10000,8,"skewed_shuffled","multiply_pairs","IndexedUnits",2,0.0119943449972197
10000,8,"skewed_shuffled","multiply_pairs","IndexedUnits",3,0.0113230930001009
10000,8,"skewed_shuffled","multiply_pairs","IndexedUnits",4,0.013607654000225
10000,8,"skewed_shuffled","multiply_pairs","IndexedUnits",5,0.0117568320056307
10000,8,"skewed_shuffled","multiply_pairs","mixed_units",1,0.469667217999813
10000,8,"skewed_shuffled","multiply_pairs","mixed_units",2,0.475481674002367
10000,8,"skewed_shuffled","multiply_pairs","mixed_units",3,0.543612973000563
10000,8,"skewed_shuffled","bind_rows","IndexedUnits",1,0.000515206003910862
10000,8,"skewed_shuffled","bind_rows","IndexedUnits",2,0.000495116000820417
10000,8,"skewed_shuffled","bind_rows","IndexedUnits",3,0.000538576001417823
10000,8,"skewed_shuffled","bind_rows","IndexedUnits",4,0.000490195998281706
10000,8,"skewed_shuffled","bind_rows","IndexedUnits",5,0.000521560999914072
10000,8,"skewed_shuffled","bind_rows","mixed_units",1,0.000960589000897016
10000,8,"skewed_shuffled","bind_rows","mixed_units",2,0.000711800996214151
10000,8,"skewed_shuffled","bind_rows","mixed_units",3,0.000733982000383548
10000,8,"skewed_shuffled","bind_rows","mixed_units",4,0.000746240999433212
10000,8,"skewed_shuffled","bind_rows","mixed_units",5,0.000709259002178442
10000,8,"skewed_shuffled","filter_mutate","IndexedUnits",1,0.00253047900332604
10000,8,"skewed_shuffled","filter_mutate","IndexedUnits",2,0.0019963309969171
10000,8,"skewed_shuffled","filter_mutate","IndexedUnits",3,0.00198854100017343
10000,8,"skewed_shuffled","filter_mutate","IndexedUnits",4,0.00201974200172117
10000,8,"skewed_shuffled","filter_mutate","IndexedUnits",5,0.00213884699769551
10000,8,"skewed_shuffled","filter_mutate","mixed_units",1,0.454366468999069
10000,8,"skewed_shuffled","filter_mutate","mixed_units",2,0.263385230005952
10000,8,"skewed_shuffled","filter_mutate","mixed_units",3,0.264131881005596
10000,8,"skewed_shuffled","pivot_roundtrip","IndexedUnits",1,0.00399532700248528
10000,8,"skewed_shuffled","pivot_roundtrip","IndexedUnits",2,0.00353014100255677
10000,8,"skewed_shuffled","pivot_roundtrip","IndexedUnits",3,0.00320082899997942
10000,8,"skewed_shuffled","pivot_roundtrip","IndexedUnits",4,0.0034098059986718
10000,8,"skewed_shuffled","pivot_roundtrip","IndexedUnits",5,0.00324724100210005
10000,8,"skewed_shuffled","pivot_roundtrip","mixed_units",1,0.00780496500374284
10000,8,"skewed_shuffled","pivot_roundtrip","mixed_units",2,0.00772677799977828
10000,8,"skewed_shuffled","pivot_roundtrip","mixed_units",3,0.00772784400032833
10000,8,"skewed_shuffled","pivot_roundtrip","mixed_units",4,0.0076762249955209
10000,8,"skewed_shuffled","pivot_roundtrip","mixed_units",5,0.0077998810011195
