"n","k","distribution","implementation","bytes","base_object_size_bytes"
100,1,"balanced_shuffled","IndexedUnits",2184,1864
100,1,"balanced_shuffled","mixed_units",59000,116344
1000,1,"balanced_shuffled","IndexedUnits",12984,12664
1000,1,"balanced_shuffled","mixed_units",577400,1160344
10000,1,"balanced_shuffled","IndexedUnits",120984,120664
10000,1,"balanced_shuffled","mixed_units",5761400,11600344
100,2,"balanced_shuffled","IndexedUnits",2248,1928
100,2,"balanced_shuffled","mixed_units",59056,116344
1000,2,"balanced_shuffled","IndexedUnits",13048,12728
1000,2,"balanced_shuffled","mixed_units",577456,1160344
10000,2,"balanced_shuffled","IndexedUnits",121048,120728
10000,2,"balanced_shuffled","mixed_units",5761456,11600344
100,8,"balanced_shuffled","IndexedUnits",2632,2312
100,8,"balanced_shuffled","mixed_units",60320,117496
1000,8,"balanced_shuffled","IndexedUnits",13432,13112
1000,8,"balanced_shuffled","mixed_units",589568,1172344
10000,8,"balanced_shuffled","IndexedUnits",121432,121112
10000,8,"balanced_shuffled","mixed_units",5881568,11720344
10000,8,"balanced_grouped","IndexedUnits",121432,121112
10000,8,"balanced_grouped","mixed_units",5881568,11720344
10000,8,"skewed_shuffled","IndexedUnits",121432,121112
10000,8,"skewed_shuffled","mixed_units",5775208,11613984
