"n","k","distribution","workload","status","detail"
100,1,"balanced_shuffled","construct","pass",""
100,1,"balanced_shuffled","convert_units","pass",""
100,1,"balanced_shuffled","slice","pass",""
100,1,"balanced_shuffled","repetition","unsupported","mixed_units result lost its class (returned list)."
100,1,"balanced_shuffled","replace","pass",""
100,1,"balanced_shuffled","concatenate","pass",""
100,1,"balanced_shuffled","scale","pass",""
100,1,"balanced_shuffled","add_same","pass",""
100,1,"balanced_shuffled","add_convert","pass",""
100,1,"balanced_shuffled","multiply_pairs","pass",""
100,1,"balanced_shuffled","bind_rows","pass",""
100,1,"balanced_shuffled","filter_mutate","pass",""
100,1,"balanced_shuffled","pivot_roundtrip","pass",""
1000,1,"balanced_shuffled","construct","pass",""
1000,1,"balanced_shuffled","convert_units","pass",""
1000,1,"balanced_shuffled","slice","pass",""
1000,1,"balanced_shuffled","repetition","unsupported","mixed_units result lost its class (returned list)."
1000,1,"balanced_shuffled","replace","pass",""
1000,1,"balanced_shuffled","concatenate","pass",""
1000,1,"balanced_shuffled","scale","pass",""
1000,1,"balanced_shuffled","add_same","pass",""
1000,1,"balanced_shuffled","add_convert","pass",""
1000,1,"balanced_shuffled","multiply_pairs","pass",""
1000,1,"balanced_shuffled","bind_rows","pass",""
1000,1,"balanced_shuffled","filter_mutate","pass",""
1000,1,"balanced_shuffled","pivot_roundtrip","pass",""
10000,1,"balanced_shuffled","construct","pass",""
10000,1,"balanced_shuffled","convert_units","pass",""
10000,1,"balanced_shuffled","slice","pass",""
10000,1,"balanced_shuffled","repetition","unsupported","mixed_units result lost its class (returned list)."
10000,1,"balanced_shuffled","replace","pass",""
10000,1,"balanced_shuffled","concatenate","pass",""
10000,1,"balanced_shuffled","scale","pass",""
10000,1,"balanced_shuffled","add_same","pass",""
10000,1,"balanced_shuffled","add_convert","pass",""
10000,1,"balanced_shuffled","multiply_pairs","pass",""
10000,1,"balanced_shuffled","bind_rows","pass",""
10000,1,"balanced_shuffled","filter_mutate","pass",""
10000,1,"balanced_shuffled","pivot_roundtrip","pass",""
100,2,"balanced_shuffled","construct","pass",""
100,2,"balanced_shuffled","convert_units","pass",""
100,2,"balanced_shuffled","slice","pass",""
100,2,"balanced_shuffled","repetition","unsupported","mixed_units result lost its class (returned list)."
100,2,"balanced_shuffled","replace","pass",""
100,2,"balanced_shuffled","concatenate","pass",""
100,2,"balanced_shuffled","scale","pass",""
100,2,"balanced_shuffled","add_same","pass",""
100,2,"balanced_shuffled","add_convert","pass",""
100,2,"balanced_shuffled","multiply_pairs","pass",""
100,2,"balanced_shuffled","bind_rows","pass",""
100,2,"balanced_shuffled","filter_mutate","pass",""
100,2,"balanced_shuffled","pivot_roundtrip","pass",""
1000,2,"balanced_shuffled","construct","pass",""
1000,2,"balanced_shuffled","convert_units","pass",""
1000,2,"balanced_shuffled","slice","pass",""
1000,2,"balanced_shuffled","repetition","unsupported","mixed_units result lost its class (returned list)."
1000,2,"balanced_shuffled","replace","pass",""
1000,2,"balanced_shuffled","concatenate","pass",""
1000,2,"balanced_shuffled","scale","pass",""
1000,2,"balanced_shuffled","add_same","pass",""
1000,2,"balanced_shuffled","add_convert","pass",""
1000,2,"balanced_shuffled","multiply_pairs","pass",""
1000,2,"balanced_shuffled","bind_rows","pass",""
1000,2,"balanced_shuffled","filter_mutate","pass",""
1000,2,"balanced_shuffled","pivot_roundtrip","pass",""
10000,2,"balanced_shuffled","construct","pass",""
10000,2,"balanced_shuffled","convert_units","pass",""
10000,2,"balanced_shuffled","slice","pass",""
10000,2,"balanced_shuffled","repetition","unsupported","mixed_units result lost its class (returned list)."
10000,2,"balanced_shuffled","replace","pass",""
10000,2,"balanced_shuffled","concatenate","pass",""
10000,2,"balanced_shuffled","scale","pass",""
10000,2,"balanced_shuffled","add_same","pass",""
10000,2,"balanced_shuffled","add_convert","pass",""
10000,2,"balanced_shuffled","multiply_pairs","pass",""
10000,2,"balanced_shuffled","bind_rows","pass",""
10000,2,"balanced_shuffled","filter_mutate","pass",""
10000,2,"balanced_shuffled","pivot_roundtrip","pass",""
100,8,"balanced_shuffled","construct","pass",""
100,8,"balanced_shuffled","convert_units","pass",""
100,8,"balanced_shuffled","slice","pass",""
100,8,"balanced_shuffled","repetition","unsupported","mixed_units result lost its class (returned list)."
100,8,"balanced_shuffled","replace","pass",""
100,8,"balanced_shuffled","concatenate","pass",""
100,8,"balanced_shuffled","scale","pass",""
100,8,"balanced_shuffled","add_same","pass",""
100,8,"balanced_shuffled","add_convert","pass",""
100,8,"balanced_shuffled","multiply_pairs","pass",""
100,8,"balanced_shuffled","bind_rows","pass",""
100,8,"balanced_shuffled","filter_mutate","pass",""
100,8,"balanced_shuffled","pivot_roundtrip","pass",""
1000,8,"balanced_shuffled","construct","pass",""
1000,8,"balanced_shuffled","convert_units","pass",""
1000,8,"balanced_shuffled","slice","pass",""
1000,8,"balanced_shuffled","repetition","unsupported","mixed_units result lost its class (returned list)."
1000,8,"balanced_shuffled","replace","pass",""
1000,8,"balanced_shuffled","concatenate","pass",""
1000,8,"balanced_shuffled","scale","pass",""
1000,8,"balanced_shuffled","add_same","pass",""
1000,8,"balanced_shuffled","add_convert","pass",""
1000,8,"balanced_shuffled","multiply_pairs","pass",""
1000,8,"balanced_shuffled","bind_rows","pass",""
1000,8,"balanced_shuffled","filter_mutate","pass",""
1000,8,"balanced_shuffled","pivot_roundtrip","pass",""
10000,8,"balanced_shuffled","construct","pass",""
10000,8,"balanced_shuffled","convert_units","pass",""
10000,8,"balanced_shuffled","slice","pass",""
10000,8,"balanced_shuffled","repetition","unsupported","mixed_units result lost its class (returned list)."
10000,8,"balanced_shuffled","replace","pass",""
10000,8,"balanced_shuffled","concatenate","pass",""
10000,8,"balanced_shuffled","scale","pass",""
10000,8,"balanced_shuffled","add_same","pass",""
10000,8,"balanced_shuffled","add_convert","pass",""
10000,8,"balanced_shuffled","multiply_pairs","pass",""
10000,8,"balanced_shuffled","bind_rows","pass",""
10000,8,"balanced_shuffled","filter_mutate","pass",""
10000,8,"balanced_shuffled","pivot_roundtrip","pass",""
10000,8,"balanced_grouped","construct","pass",""
10000,8,"balanced_grouped","convert_units","pass",""
10000,8,"balanced_grouped","slice","pass",""
10000,8,"balanced_grouped","repetition","unsupported","mixed_units result lost its class (returned list)."
10000,8,"balanced_grouped","replace","pass",""
10000,8,"balanced_grouped","concatenate","pass",""
10000,8,"balanced_grouped","scale","pass",""
10000,8,"balanced_grouped","add_same","pass",""
10000,8,"balanced_grouped","add_convert","pass",""
10000,8,"balanced_grouped","multiply_pairs","pass",""
10000,8,"balanced_grouped","bind_rows","pass",""
10000,8,"balanced_grouped","filter_mutate","pass",""
10000,8,"balanced_grouped","pivot_roundtrip","pass",""
10000,8,"skewed_shuffled","construct","pass",""
10000,8,"skewed_shuffled","convert_units","pass",""
10000,8,"skewed_shuffled","slice","pass",""
10000,8,"skewed_shuffled","repetition","unsupported","mixed_units result lost its class (returned list)."
10000,8,"skewed_shuffled","replace","pass",""
10000,8,"skewed_shuffled","concatenate","pass",""
10000,8,"skewed_shuffled","scale","pass",""
10000,8,"skewed_shuffled","add_same","pass",""
10000,8,"skewed_shuffled","add_convert","pass",""
10000,8,"skewed_shuffled","multiply_pairs","pass",""
10000,8,"skewed_shuffled","bind_rows","pass",""
10000,8,"skewed_shuffled","filter_mutate","pass",""
10000,8,"skewed_shuffled","pivot_roundtrip","pass",""
