"n","k","distribution","workload","observed_pairs","implementation","median_seconds","min_seconds","allocated_bytes","iterations","garbage_collections"
100,1,"balanced_shuffled","construct",NA,"IndexedUnits",9.45459978538565e-05,9.25370040931739e-05,10248,5,0
100,1,"balanced_shuffled","construct",NA,"mixed_units",0.00566287900437601,0.00560146099451231,848,5,1
100,1,"balanced_shuffled","slice",NA,"IndexedUnits",5.82200300414115e-06,5.41200279258192e-06,1592,5,0
100,1,"balanced_shuffled","slice",NA,"mixed_units",5.28899545315653e-06,4.18200215790421e-06,1344,5,0
100,1,"balanced_shuffled","replace",NA,"IndexedUnits",2.03360032173805e-05,1.91470026038587e-05,2992,5,0
100,1,"balanced_shuffled","replace",NA,"mixed_units",1.84500095201656e-06,1.68100086739287e-06,848,5,0
100,1,"balanced_shuffled","concatenate",NA,"IndexedUnits",2.65269991359673e-05,2.37389976973645e-05,69656,5,0
100,1,"balanced_shuffled","concatenate",NA,"mixed_units",7.38000380806625e-06,6.06799585511908e-06,1648,5,0
100,1,"balanced_shuffled","scale",NA,"IndexedUnits",0.000343908002832904,0.000282490000245161,254312,5,1
100,1,"balanced_shuffled","scale",NA,"mixed_units",0.00503024899808224,0.00464226600161055,848,5,0
100,1,"balanced_shuffled","add_same",NA,"IndexedUnits",0.000268468000285793,0.000263629997789394,34008,5,0
100,1,"balanced_shuffled","add_same",NA,"mixed_units",0.00161544099682942,0.00148489700222854,848,5,0
100,1,"balanced_shuffled","add_convert",NA,"IndexedUnits",0.000553787001990713,0.000518034998094663,37672,5,0
100,1,"balanced_shuffled","add_convert",NA,"mixed_units",0.00396084599924507,0.00381996999931289,848,5,1
100,1,"balanced_shuffled","multiply_pairs",1,"IndexedUnits",0.000320702005410567,0.000310452000121586,34008,5,0
100,1,"balanced_shuffled","multiply_pairs",1,"mixed_units",0.00436563899711473,0.00418839600024512,848,5,1
100,1,"balanced_shuffled","bind_rows",NA,"IndexedUnits",0.000354568001057487,0.000326196000969503,21800,5,1
100,1,"balanced_shuffled","bind_rows",NA,"mixed_units",0.000328369002090767,0.000302990003547166,14840,5,0
100,1,"balanced_shuffled","filter_mutate",NA,"IndexedUnits",0.000747553000110202,0.000718811999831814,31688,5,0
100,1,"balanced_shuffled","filter_mutate",NA,"mixed_units",0.00326655199751258,0.00290677700104425,10344,5,1
100,1,"balanced_shuffled","pivot_roundtrip",NA,"IndexedUnits",0.00248398500116309,0.00221924800280249,81200,5,0
100,1,"balanced_shuffled","pivot_roundtrip",NA,"mixed_units",0.00281100100255571,0.00216082300175913,57824,5,1
1000,1,"balanced_shuffled","construct",NA,"IndexedUnits",0.00010901899804594,0.00010446800297359,93016,5,0
1000,1,"balanced_shuffled","construct",NA,"mixed_units",0.0656327589967987,0.0650014409984578,8048,3,7
1000,1,"balanced_shuffled","slice",NA,"IndexedUnits",8.8560045696795e-06,6.47799606667832e-06,6096,5,0
1000,1,"balanced_shuffled","slice",NA,"mixed_units",6.51900336379185e-06,5.61700289836153e-06,4048,5,0
1000,1,"balanced_shuffled","replace",NA,"IndexedUnits",3.0667993996758e-05,2.82490000245161e-05,28192,5,0
1000,1,"balanced_shuffled","replace",NA,"mixed_units",5.00200258102268e-06,4.05899481847882e-06,8048,5,0
1000,1,"balanced_shuffled","concatenate",NA,"IndexedUnits",4.62070020148531e-05,4.22299999627285e-05,80480,5,0
1000,1,"balanced_shuffled","concatenate",NA,"mixed_units",2.28370045078918e-05,1.60310009960085e-05,16048,5,0
1000,1,"balanced_shuffled","scale",NA,"IndexedUnits",0.000472197003546171,0.00045772399607813,294984,5,0
1000,1,"balanced_shuffled","scale",NA,"mixed_units",0.0695380089964601,0.0623651819987572,8048,3,5
1000,1,"balanced_shuffled","add_same",NA,"IndexedUnits",0.000440955001977272,0.000440627001808025,311080,5,0
1000,1,"balanced_shuffled","add_same",NA,"mixed_units",0.0235757379996357,0.0171897830005037,8048,5,3
1000,1,"balanced_shuffled","add_convert",NA,"IndexedUnits",0.00299763299699407,0.00281694600562332,343512,5,0
1000,1,"balanced_shuffled","add_convert",NA,"mixed_units",0.0620318930014037,0.0508488560008118,8048,3,5
1000,1,"balanced_shuffled","multiply_pairs",1,"IndexedUnits",0.000478797999676317,0.000450425999588333,311080,5,0
1000,1,"balanced_shuffled","multiply_pairs",1,"mixed_units",0.0456746970012318,0.0444132090051426,8048,3,5
1000,1,"balanced_shuffled","bind_rows",NA,"IndexedUnits",0.000349688998539932,0.000328573994920589,201800,5,0
1000,1,"balanced_shuffled","bind_rows",NA,"mixed_units",0.000360800004273187,0.000355552001565229,108440,5,0
1000,1,"balanced_shuffled","filter_mutate",NA,"IndexedUnits",0.000842836998344865,0.00081364500510972,188704,5,0
1000,1,"balanced_shuffled","filter_mutate",NA,"mixed_units",0.0266809550012113,0.0265273280019755,40056,4,4
1000,1,"balanced_shuffled","pivot_roundtrip",NA,"IndexedUnits",0.00243138199584791,0.002332612995815,580384,5,0
1000,1,"balanced_shuffled","pivot_roundtrip",NA,"mixed_units",0.00270944400108419,0.00255901500349864,362608,5,0
10000,1,"balanced_shuffled","construct",NA,"IndexedUnits",0.000377978998585604,0.000353215000359342,971896,5,0
10000,1,"balanced_shuffled","construct",NA,"mixed_units",1.00930708599481,0.898269655997865,80048,3,56
10000,1,"balanced_shuffled","slice",NA,"IndexedUnits",1.82450021384284e-05,1.6851001419127e-05,60096,5,0
10000,1,"balanced_shuffled","slice",NA,"mixed_units",3.45219959854148e-05,2.55839986493811e-05,40048,5,0
10000,1,"balanced_shuffled","replace",NA,"IndexedUnits",8.74530014698394e-05,8.30659992061555e-05,280192,5,0
10000,1,"balanced_shuffled","replace",NA,"mixed_units",3.22260020766407e-05,3.05040011880919e-05,80048,5,0
10000,1,"balanced_shuffled","concatenate",NA,"IndexedUnits",0.000257152001722716,0.000245015995460562,800480,5,0
10000,1,"balanced_shuffled","concatenate",NA,"mixed_units",0.000132470995595213,0.000118203002784867,160048,5,0
10000,1,"balanced_shuffled","scale",NA,"IndexedUnits",0.00200576100178296,0.00177234799775761,3126504,5,0
10000,1,"balanced_shuffled","scale",NA,"mixed_units",0.590996632003225,0.546643241999845,80048,3,47
10000,1,"balanced_shuffled","add_same",NA,"IndexedUnits",0.00198792599985609,0.00186927199683851,3286600,5,0
10000,1,"balanced_shuffled","add_same",NA,"mixed_units",0.19141592100641,0.185818067999207,80048,3,19
10000,1,"balanced_shuffled","add_convert",NA,"IndexedUnits",0.0277106699977594,0.0253597299961257,3657912,4,2
10000,1,"balanced_shuffled","add_convert",NA,"mixed_units",0.570926312000665,0.561961375002284,80048,3,35
10000,1,"balanced_shuffled","multiply_pairs",1,"IndexedUnits",0.00217148299998371,0.00210600600257749,3286600,5,0
10000,1,"balanced_shuffled","multiply_pairs",1,"mixed_units",0.83661352800118,0.799163144001795,80048,3,42
10000,1,"balanced_shuffled","bind_rows",NA,"IndexedUnits",0.000734105000447016,0.00071442499756813,2001800,5,0
10000,1,"balanced_shuffled","bind_rows",NA,"mixed_units",0.000713112996891141,0.000687405998178292,1044440,5,0
10000,1,"balanced_shuffled","filter_mutate",NA,"IndexedUnits",0.0017528729949845,0.00168833899806486,1928464,5,0
10000,1,"balanced_shuffled","filter_mutate",NA,"mixed_units",0.281412110009114,0.279497287010599,364056,3,21
10000,1,"balanced_shuffled","pivot_roundtrip",NA,"IndexedUnits",0.00377339399710763,0.00358102199970745,6042496,5,0
10000,1,"balanced_shuffled","pivot_roundtrip",NA,"mixed_units",0.00829794900346315,0.00771743000223069,3880720,5,1
100,2,"balanced_shuffled","construct",NA,"IndexedUnits",0.000190239996300079,0.000161990996275563,10248,5,0
100,2,"balanced_shuffled","construct",NA,"mixed_units",0.00576484600605909,0.00549166299606441,848,5,1
100,2,"balanced_shuffled","slice",NA,"IndexedUnits",6.8059962359257e-06,6.23200321570039e-06,1592,5,0
100,2,"balanced_shuffled","slice",NA,"mixed_units",5.24800270795822e-06,4.83799522044137e-06,1344,5,0
100,2,"balanced_shuffled","replace",NA,"IndexedUnits",2.66089991782792e-05,2.39029977819882e-05,2992,5,0
100,2,"balanced_shuffled","replace",NA,"mixed_units",1.84500095201656e-06,1.68100086739287e-06,848,5,0
100,2,"balanced_shuffled","concatenate",NA,"IndexedUnits",2.25909971049987e-05,2.12379964068532e-05,8480,5,0
100,2,"balanced_shuffled","concatenate",NA,"mixed_units",7.54399661673233e-06,7.17500370228663e-06,1648,5,0
100,2,"balanced_shuffled","scale",NA,"IndexedUnits",0.000671743997372687,0.000579494000703562,37928,5,0
100,2,"balanced_shuffled","scale",NA,"mixed_units",0.00627357399935136,0.00507678400026634,848,5,1
100,2,"balanced_shuffled","add_same",NA,"IndexedUnits",0.000526563002495095,0.000514590996317565,38728,5,0
100,2,"balanced_shuffled","add_same",NA,"mixed_units",0.00164270600362215,0.00147866499901284,848,5,0
100,2,"balanced_shuffled","add_convert",NA,"IndexedUnits",0.000770595004723873,0.000763625001127366,45320,5,0
100,2,"balanced_shuffled","add_convert",NA,"mixed_units",0.00426256499486044,0.00386748899472877,848,5,0
100,2,"balanced_shuffled","multiply_pairs",4,"IndexedUnits",0.00112364599772263,0.00100343399390113,40088,5,0
100,2,"balanced_shuffled","multiply_pairs",4,"mixed_units",0.00459450099879177,0.00451442800113,848,5,1
100,2,"balanced_shuffled","bind_rows",NA,"IndexedUnits",0.000364243998774327,0.000342882995028049,21800,5,0
100,2,"balanced_shuffled","bind_rows",NA,"mixed_units",0.000281833999906667,0.000273470002866816,14840,5,0
100,2,"balanced_shuffled","filter_mutate",NA,"IndexedUnits",0.00118715500138933,0.00104509000084363,31920,5,0
100,2,"balanced_shuffled","filter_mutate",NA,"mixed_units",0.00364367000292987,0.00309238399495371,10344,5,1
100,2,"balanced_shuffled","pivot_roundtrip",NA,"IndexedUnits",0.00270833700051298,0.00239472800603835,81200,5,0
100,2,"balanced_shuffled","pivot_roundtrip",NA,"mixed_units",0.00339750599960098,0.00232592999964254,57824,5,1
1000,2,"balanced_shuffled","construct",NA,"IndexedUnits",0.000225664000026882,0.000208771998586599,93016,5,0
1000,2,"balanced_shuffled","construct",NA,"mixed_units",0.0723125200020149,0.0709743619954679,8048,3,4
1000,2,"balanced_shuffled","slice",NA,"IndexedUnits",8.44599708216265e-06,7.87199678597972e-06,6096,5,0
1000,2,"balanced_shuffled","slice",NA,"mixed_units",7.01100361766294e-06,6.60099613014609e-06,4048,5,0
1000,2,"balanced_shuffled","replace",NA,"IndexedUnits",2.75109996437095e-05,2.71829994744621e-05,28192,5,0
1000,2,"balanced_shuffled","replace",NA,"mixed_units",4.87900251755491e-06,4.63299511466175e-06,8048,5,0
1000,2,"balanced_shuffled","concatenate",NA,"IndexedUnits",4.18609997723252e-05,3.8703998143319e-05,80480,5,0
1000,2,"balanced_shuffled","concatenate",NA,"mixed_units",1.72200016095303e-05,1.65230012498796e-05,16048,5,0
1000,2,"balanced_shuffled","scale",NA,"IndexedUnits",0.000677484000334516,0.000667315995087847,295224,5,0
1000,2,"balanced_shuffled","scale",NA,"mixed_units",0.0723194899983355,0.063930807998986,8048,3,5
1000,2,"balanced_shuffled","add_same",NA,"IndexedUnits",0.000725330995919649,0.000693679001415148,311320,5,0
1000,2,"balanced_shuffled","add_same",NA,"mixed_units",0.0267353620001813,0.0163241089976509,8048,5,3
1000,2,"balanced_shuffled","add_convert",NA,"IndexedUnits",0.00343440599681344,0.00297377099923324,343992,5,1
1000,2,"balanced_shuffled","add_convert",NA,"mixed_units",0.0657039760044427,0.0590254449998611,8048,3,3
1000,2,"balanced_shuffled","multiply_pairs",4,"IndexedUnits",0.00241412100149319,0.0012686219997704,311800,5,0
1000,2,"balanced_shuffled","multiply_pairs",4,"mixed_units",0.0628744019995793,0.0626714519967209,8048,3,4
1000,2,"balanced_shuffled","bind_rows",NA,"IndexedUnits",0.00035715100239031,0.000348418005160056,201800,5,0
1000,2,"balanced_shuffled","bind_rows",NA,"mixed_units",0.000313158001517877,0.000303481996525079,108440,5,0
1000,2,"balanced_shuffled","filter_mutate",NA,"IndexedUnits",0.00143184299668064,0.00117460899491562,188952,5,0
1000,2,"balanced_shuffled","filter_mutate",NA,"mixed_units",0.042515811001067,0.0261172050013556,40056,3,2
1000,2,"balanced_shuffled","pivot_roundtrip",NA,"IndexedUnits",0.00285655199695611,0.00261256100202445,580384,5,0
1000,2,"balanced_shuffled","pivot_roundtrip",NA,"mixed_units",0.00305978900723858,0.0023791070052539,362608,5,1
10000,2,"balanced_shuffled","construct",NA,"IndexedUnits",0.000426687001890969,0.000418487004935741,971896,5,0
10000,2,"balanced_shuffled","construct",NA,"mixed_units",1.10554277800111,0.6665962449988,80048,3,56
10000,2,"balanced_shuffled","slice",NA,"IndexedUnits",1.90239952644333e-05,1.61539937835187e-05,60096,5,0
10000,2,"balanced_shuffled","slice",NA,"mixed_units",2.43129979935475e-05,2.1115003619343e-05,40048,5,0
10000,2,"balanced_shuffled","replace",NA,"IndexedUnits",9.00770028238185e-05,8.52800003485754e-05,280192,5,0
10000,2,"balanced_shuffled","replace",NA,"mixed_units",3.63669969374314e-05,3.37429955834523e-05,80048,5,0
10000,2,"balanced_shuffled","concatenate",NA,"IndexedUnits",0.000253707999945618,0.000240670000493992,800480,5,0
10000,2,"balanced_shuffled","concatenate",NA,"mixed_units",0.000122712997836061,0.000120170996524394,160048,5,0
10000,2,"balanced_shuffled","scale",NA,"IndexedUnits",0.00230190400179708,0.0021665220046998,3126744,5,0
10000,2,"balanced_shuffled","scale",NA,"mixed_units",0.709471298003336,0.52384527400136,80048,3,57
10000,2,"balanced_shuffled","add_same",NA,"IndexedUnits",0.00240374800341669,0.00218279900582274,3286840,5,1
10000,2,"balanced_shuffled","add_same",NA,"mixed_units",0.194997312006308,0.194975705002435,80048,3,15
10000,2,"balanced_shuffled","add_convert",NA,"IndexedUnits",0.0380156100000022,0.0265994469955331,3658392,3,2
10000,2,"balanced_shuffled","add_convert",NA,"mixed_units",0.793364062999899,0.741111695002473,80048,3,42
10000,2,"balanced_shuffled","multiply_pairs",4,"IndexedUnits",0.00281202599580865,0.00271842299844138,3287320,5,0
10000,2,"balanced_shuffled","multiply_pairs",4,"mixed_units",0.469794687000103,0.464531763005652,80048,3,44
10000,2,"balanced_shuffled","bind_rows",NA,"IndexedUnits",0.000801263005996589,0.000789085999713279,2001800,5,0
10000,2,"balanced_shuffled","bind_rows",NA,"mixed_units",0.000792489001469221,0.000724100995284971,1044440,5,0
10000,2,"balanced_shuffled","filter_mutate",NA,"IndexedUnits",0.00286676100222394,0.00195123099547345,1928704,5,1
10000,2,"balanced_shuffled","filter_mutate",NA,"mixed_units",0.264675048994832,0.264503505000903,364056,3,21
10000,2,"balanced_shuffled","pivot_roundtrip",NA,"IndexedUnits",0.00391049800236942,0.00367437900422374,6042496,5,0
10000,2,"balanced_shuffled","pivot_roundtrip",NA,"mixed_units",0.00856469499558443,0.00762362199748168,3880720,5,1
100,8,"balanced_shuffled","construct",NA,"IndexedUnits",0.000693842994223814,0.000677197000186425,10248,5,0
100,8,"balanced_shuffled","construct",NA,"mixed_units",0.00716097799886484,0.00665085600485327,848,5,1
100,8,"balanced_shuffled","slice",NA,"IndexedUnits",6.68299617245793e-06,6.15000317338854e-06,1592,5,0
100,8,"balanced_shuffled","slice",NA,"mixed_units",4.75599517812952e-06,4.26399492425844e-06,1344,5,0
100,8,"balanced_shuffled","replace",NA,"IndexedUnits",2.54199985647574e-05,2.45179980993271e-05,2992,5,0
100,8,"balanced_shuffled","replace",NA,"mixed_units",1.76300090970472e-06,1.5580008039251e-06,848,5,0
100,8,"balanced_shuffled","concatenate",NA,"IndexedUnits",2.5624998670537e-05,2.50510056503117e-05,8968,5,0
100,8,"balanced_shuffled","concatenate",NA,"mixed_units",7.74899672251195e-06,7.29799648979679e-06,1648,5,0
100,8,"balanced_shuffled","scale",NA,"IndexedUnits",0.00198722899949644,0.00191027200344251,28472,5,0
100,8,"balanced_shuffled","scale",NA,"mixed_units",0.00505812900519231,0.00493844999436988,848,5,1
100,8,"balanced_shuffled","add_same",NA,"IndexedUnits",0.00231157999951392,0.00218419299926609,30168,5,0
100,8,"balanced_shuffled","add_same",NA,"mixed_units",0.00151786099741003,0.00144406099570915,848,5,1
100,8,"balanced_shuffled","add_convert",NA,"IndexedUnits",0.0030318270000862,0.00279168999986723,30168,5,0
100,8,"balanced_shuffled","add_convert",NA,"mixed_units",0.00440520400297828,0.0042671569972299,848,5,1
100,8,"balanced_shuffled","multiply_pairs",55,"IndexedUnits",0.0152560179994907,0.0144637749981484,39520,5,2
100,8,"balanced_shuffled","multiply_pairs",55,"mixed_units",0.00444005399913294,0.00434140799916349,848,5,1
100,8,"balanced_shuffled","bind_rows",NA,"IndexedUnits",0.000364981999155134,0.000356412994733546,21800,5,0
100,8,"balanced_shuffled","bind_rows",NA,"mixed_units",0.000262932997429743,0.000252928999543656,14840,5,0
100,8,"balanced_shuffled","filter_mutate",NA,"IndexedUnits",0.00296179900033167,0.00259361899952637,26960,5,1
100,8,"balanced_shuffled","filter_mutate",NA,"mixed_units",0.00307717300165677,0.00299787899712101,10344,5,0
100,8,"balanced_shuffled","pivot_roundtrip",NA,"IndexedUnits",0.00293178699939745,0.00237234200176317,81200,5,1
100,8,"balanced_shuffled","pivot_roundtrip",NA,"mixed_units",0.00235491700004786,0.00225873100134777,57824,5,0
1000,8,"balanced_shuffled","construct",NA,"IndexedUnits",0.0008190980006475,0.000781993003329262,93016,5,0
1000,8,"balanced_shuffled","construct",NA,"mixed_units",0.0905900330035365,0.0880961260045297,8048,3,7
1000,8,"balanced_shuffled","slice",NA,"IndexedUnits",7.13399640517309e-06,6.56000338494778e-06,6096,5,0
1000,8,"balanced_shuffled","slice",NA,"mixed_units",6.56000338494778e-06,5.94500306760892e-06,4048,5,0
1000,8,"balanced_shuffled","replace",NA,"IndexedUnits",3.13650016323663e-05,2.71009994321503e-05,28192,5,0
1000,8,"balanced_shuffled","replace",NA,"mixed_units",5.37099549546838e-06,3.77200194634497e-06,8048,5,0
1000,8,"balanced_shuffled","concatenate",NA,"IndexedUnits",4.52639942523092e-05,4.13279994972982e-05,80968,5,0
1000,8,"balanced_shuffled","concatenate",NA,"mixed_units",1.91470026038587e-05,1.57030008267611e-05,16048,5,0
1000,8,"balanced_shuffled","scale",NA,"IndexedUnits",0.0027091570009361,0.00228099399828352,296696,5,0
1000,8,"balanced_shuffled","scale",NA,"mixed_units",0.0755512329997146,0.0736562539968872,8048,3,4
1000,8,"balanced_shuffled","add_same",NA,"IndexedUnits",0.00284613799885847,0.00268529500317527,312792,5,0
1000,8,"balanced_shuffled","add_same",NA,"mixed_units",0.025668541995401,0.0180200329996296,8048,4,2
1000,8,"balanced_shuffled","add_convert",NA,"IndexedUnits",0.0115047229992342,0.00697143499564845,346968,5,1
1000,8,"balanced_shuffled","add_convert",NA,"mixed_units",0.0652052109944634,0.063845158998447,8048,3,3
1000,8,"balanced_shuffled","multiply_pairs",64,"IndexedUnits",0.0249162535001233,0.0202389120022417,336368,4,1
1000,8,"balanced_shuffled","multiply_pairs",64,"mixed_units",0.0769469139995635,0.0717394220046117,8048,3,4
1000,8,"balanced_shuffled","bind_rows",NA,"IndexedUnits",0.00119072199595394,0.00111401100002695,201800,5,0
1000,8,"balanced_shuffled","bind_rows",NA,"mixed_units",0.000837589002912864,0.000802861999545712,108440,5,0
1000,8,"balanced_shuffled","filter_mutate",NA,"IndexedUnits",0.00310082999931183,0.0030245699963416,206520,5,0
1000,8,"balanced_shuffled","filter_mutate",NA,"mixed_units",0.0499508739958401,0.0429875980044017,40056,3,3
1000,8,"balanced_shuffled","pivot_roundtrip",NA,"IndexedUnits",0.00271698799770093,0.00252637900121044,580384,5,0
1000,8,"balanced_shuffled","pivot_roundtrip",NA,"mixed_units",0.00601457700395258,0.00292174199421424,362608,5,1
10000,8,"balanced_shuffled","construct",NA,"IndexedUnits",0.00125234499864746,0.00112987799366238,971896,5,0
10000,8,"balanced_shuffled","construct",NA,"mixed_units",1.15135544000077,0.937039543001447,80048,3,67
10000,8,"balanced_shuffled","slice",NA,"IndexedUnits",1.99670030269772e-05,1.78350019268692e-05,60096,5,0
10000,8,"balanced_shuffled","slice",NA,"mixed_units",2.20989968511276e-05,2.13610037462786e-05,40048,5,0
10000,8,"balanced_shuffled","replace",NA,"IndexedUnits",9.77849995251745e-05,9.11429960979149e-05,280192,5,0
10000,8,"balanced_shuffled","replace",NA,"mixed_units",3.88679982279427e-05,3.50550035363995e-05,80048,5,0
10000,8,"balanced_shuffled","concatenate",NA,"IndexedUnits",0.000289992996840738,0.000244934002694208,800968,5,0
10000,8,"balanced_shuffled","concatenate",NA,"mixed_units",0.000115989001642447,0.000112175999674946,160048,5,0
10000,8,"balanced_shuffled","scale",NA,"IndexedUnits",0.00412082800175995,0.00380885900085559,3128184,5,1
10000,8,"balanced_shuffled","scale",NA,"mixed_units",0.743227910003043,0.540785572004097,80048,3,51
10000,8,"balanced_shuffled","add_same",NA,"IndexedUnits",0.00405133300228044,0.00400852900202153,3288280,5,0
10000,8,"balanced_shuffled","add_same",NA,"mixed_units",0.163019936000637,0.162877583999943,80048,3,17
10000,8,"balanced_shuffled","add_convert",NA,"IndexedUnits",0.057881708999048,0.0480042349954601,3661272,3,2
10000,8,"balanced_shuffled","add_convert",NA,"mixed_units",0.534117126997444,0.452783254004316,80048,3,35
10000,8,"balanced_shuffled","multiply_pairs",64,"IndexedUnits",0.0253809884961811,0.0204463720001513,3311936,4,2
10000,8,"balanced_shuffled","multiply_pairs",64,"mixed_units",0.705195161994197,0.683847487001913,80048,3,43
10000,8,"balanced_shuffled","bind_rows",NA,"IndexedUnits",0.000832218000141438,0.000771209997765254,2001800,5,0
10000,8,"balanced_shuffled","bind_rows",NA,"mixed_units",0.000763297000958119,0.000687118998030201,1044440,5,0
10000,8,"balanced_shuffled","filter_mutate",NA,"IndexedUnits",0.00345416799973464,0.00339611200615764,1930160,5,0
10000,8,"balanced_shuffled","filter_mutate",NA,"mixed_units",0.27102406299673,0.268305147998035,364056,3,22
10000,8,"balanced_shuffled","pivot_roundtrip",NA,"IndexedUnits",0.00399524500244297,0.00370615399879171,6042496,5,1
10000,8,"balanced_shuffled","pivot_roundtrip",NA,"mixed_units",0.00865817499288823,0.00805875499645481,3880720,5,0
10000,8,"balanced_grouped","construct",NA,"IndexedUnits",0.00102393400447909,0.000908805996004958,971896,5,0
10000,8,"balanced_grouped","construct",NA,"mixed_units",1.29588806600077,0.877856248000171,80048,3,80
10000,8,"balanced_grouped","slice",NA,"IndexedUnits",1.59490009536967e-05,1.53339933604002e-05,60096,5,0
10000,8,"balanced_grouped","slice",NA,"mixed_units",2.14429965126328e-05,2.10740035981871e-05,40048,5,0
10000,8,"balanced_grouped","replace",NA,"IndexedUnits",0.000163958997291047,0.000155677000293508,280192,5,0
10000,8,"balanced_grouped","replace",NA,"mixed_units",4.26400001742877e-05,3.40710030286573e-05,80048,5,0
10000,8,"balanced_grouped","concatenate",NA,"IndexedUnits",0.000250182005402166,0.00023968599998625,800968,5,0
10000,8,"balanced_grouped","concatenate",NA,"mixed_units",0.000156702000822406,0.000134931004140526,160048,5,1
10000,8,"balanced_grouped","scale",NA,"IndexedUnits",0.0076455980015453,0.00386047799838707,3128184,5,1
10000,8,"balanced_grouped","scale",NA,"mixed_units",0.534892518997367,0.525440829995205,80048,3,48
10000,8,"balanced_grouped","add_same",NA,"IndexedUnits",0.00409405500249704,0.00374457099678693,3288280,5,1
10000,8,"balanced_grouped","add_same",NA,"mixed_units",0.195880000996112,0.179801973994472,80048,3,16
10000,8,"balanced_grouped","add_convert",NA,"IndexedUnits",0.0683088290024898,0.046216266004194,3661272,3,2
10000,8,"balanced_grouped","add_convert",NA,"mixed_units",0.506175586000609,0.47826434399758,80048,3,38
10000,8,"balanced_grouped","multiply_pairs",64,"IndexedUnits",0.0250554894992092,0.0201025869973819,3311936,4,2
10000,8,"balanced_grouped","multiply_pairs",64,"mixed_units",0.68320370499714,0.654523671997595,80048,3,45
10000,8,"balanced_grouped","bind_rows",NA,"IndexedUnits",0.000752432002627756,0.000723896002455149,2001800,5,0
10000,8,"balanced_grouped","bind_rows",NA,"mixed_units",0.000745502999052405,0.00069388399424497,1044440,5,0
10000,8,"balanced_grouped","filter_mutate",NA,"IndexedUnits",0.00355941500311019,0.00335925300169038,1930176,5,1
10000,8,"balanced_grouped","filter_mutate",NA,"mixed_units",0.278970806000871,0.278299021003477,364056,3,21
10000,8,"balanced_grouped","pivot_roundtrip",NA,"IndexedUnits",0.0043341100026737,0.00404346099821851,6042496,5,1
10000,8,"balanced_grouped","pivot_roundtrip",NA,"mixed_units",0.00921208500221837,0.00845239600312198,3880720,5,1
10000,8,"skewed_shuffled","construct",NA,"IndexedUnits",0.00106313000287628,0.00100646800274262,971896,5,1
10000,8,"skewed_shuffled","construct",NA,"mixed_units",1.04889234000439,0.782038345998444,80048,3,69
10000,8,"skewed_shuffled","slice",NA,"IndexedUnits",1.86550023499876e-05,1.73839944181964e-05,60096,5,0
10000,8,"skewed_shuffled","slice",NA,"mixed_units",2.50100056291558e-05,2.31240046559833e-05,40048,5,0
10000,8,"skewed_shuffled","replace",NA,"IndexedUnits",8.281999907922e-05,7.06430000718683e-05,280192,5,0
10000,8,"skewed_shuffled","replace",NA,"mixed_units",3.01760010188445e-05,2.74289996013977e-05,80048,5,0
10000,8,"skewed_shuffled","concatenate",NA,"IndexedUnits",0.000262277004367206,0.00025378999998793,800968,5,0
10000,8,"skewed_shuffled","concatenate",NA,"mixed_units",0.00012968299415661,0.000123819998407271,160048,5,0
10000,8,"skewed_shuffled","scale",NA,"IndexedUnits",0.00371386200276902,0.00347913700534264,3128200,5,0
10000,8,"skewed_shuffled","scale",NA,"mixed_units",0.659343468003499,0.514305188997241,80048,3,53
10000,8,"skewed_shuffled","add_same",NA,"IndexedUnits",0.00387741099984851,0.00365957800386241,3288296,5,0
10000,8,"skewed_shuffled","add_same",NA,"mixed_units",0.19180050099385,0.18002981099562,80048,3,15
10000,8,"skewed_shuffled","add_convert",NA,"IndexedUnits",0.039506370005256,0.0382564440005808,3674632,3,2
10000,8,"skewed_shuffled","add_convert",NA,"mixed_units",0.76415271100268,0.701536445005331,80048,3,44
10000,8,"skewed_shuffled","multiply_pairs",55,"IndexedUnits",0.0162669550045393,0.0161895060009556,3295368,5,2
10000,8,"skewed_shuffled","multiply_pairs",55,"mixed_units",0.536690491993795,0.526411423001264,80048,3,43
10000,8,"skewed_shuffled","bind_rows",NA,"IndexedUnits",0.000797039996541571,0.000747019999835175,2001800,5,0
10000,8,"skewed_shuffled","bind_rows",NA,"mixed_units",0.000778385001467541,0.000737754002329893,1044440,5,0
10000,8,"skewed_shuffled","filter_mutate",NA,"IndexedUnits",0.00348028499865904,0.00343334000353934,1936360,5,0
10000,8,"skewed_shuffled","filter_mutate",NA,"mixed_units",0.261779997999838,0.260240775998682,364056,3,22
10000,8,"skewed_shuffled","pivot_roundtrip",NA,"IndexedUnits",0.0036973800015403,0.00364756499766372,6042496,5,0
10000,8,"skewed_shuffled","pivot_roundtrip",NA,"mixed_units",0.00879101500322577,0.00843222399998922,3880720,5,1
